Customer_ID,Age,Gender,Income,Credit_Score,Avg_Monthly_Spending,Spending_Food,Spending_Utilities,Spending_Rent,Spending_Entertainment,Spending_Healthcare,Transaction_Volume,Debt_to_Income_Ratio,Savings_Rate,Payment_Timeliness,Loan_Amount,Loan_Delinquencies
1,56,Female,3361.53,808,1351.75,484.77,255.62,511.04,95.63,4.69,73,0.22,0.08,0.89,2066.3,0
2,69,Male,4525.39,625,1395.53,340.65,253.09,448.27,196.19,157.32,86,0.47,0.21,0.95,6750.58,1
3,46,Male,6819.65,656,4361.84,1034.6,748.04,1893.43,583.85,101.93,39,0.2,0.07,0.9,0.0,0
4,32,Male,5212.58,690,1763.33,687.99,220.2,630.86,171.23,53.04,58,0.36,0.14,0.84,0.0,0
5,60,Male,8478.99,384,4327.51,1047.17,826.65,1805.1,394.3,254.3,50,0.21,0.23,0.87,9167.8,0
6,25,Male,5589.98,616,3358.69,847.01,387.73,1404.84,247.39,471.72,22,0.3,0.06,0.9,7183.64,0
7,38,Male,5288.07,511,4064.17,1600.97,661.15,1803.84,499.89,-501.68,43,0.41,0.19,0.86,0.0,0
8,56,Male,4536.33,814,2068.12,717.52,212.77,928.68,130.65,78.5,34,0.45,0.13,0.87,0.0,1
9,36,Male,5200.31,683,2209.54,751.07,363.19,890.2,260.78,-55.69,75,0.44,0.05,0.87,4589.28,0
10,40,Female,4771.3,641,2991.98,1108.79,382.12,1095.66,401.66,3.76,27,0.33,0.1,0.82,4347.42,0
11,28,Female,6062.16,337,3695.61,824.73,535.74,1727.66,269.21,338.26,14,0.2,0.29,0.82,0.0,0
12,28,Female,6435.05,810,2999.09,1023.26,403.46,1085.59,409.8,76.98,28,0.36,0.18,0.81,0.0,0
13,41,Female,3821.02,719,2919.45,877.99,342.38,1172.16,155.7,371.22,51,0.38,0.3,0.82,4458.62,0
14,53,Female,3003.15,468,2169.57,793.69,351.9,824.98,306.51,-107.52,27,0.1,0.18,0.87,4204.05,0
15,57,Male,2245.69,642,925.21,279.07,174.12,435.79,57.21,-20.98,41,0.28,0.19,0.92,0.0,0
16,41,Female,5761.99,605,2417.56,783.41,473.62,934.11,276.99,-50.57,30,0.44,0.15,0.84,0.0,0
17,20,Female,3344.95,841,1860.29,549.81,221.81,701.74,139.54,247.4,19,0.3,0.13,0.98,2110.21,0
18,39,Female,1770.66,836,1216.07,359.51,208.84,532.59,162.53,-47.41,46,0.22,0.11,0.96,0.0,1
19,19,Male,5582.87,411,1797.8,635.69,299.21,755.95,181.99,-75.05,58,0.45,0.14,0.9,5848.78,0
20,41,Male,8739.5,710,5651.55,1840.79,759.22,1816.69,359.01,875.85,95,0.16,0.16,0.94,8692.62,0
21,61,Male,4990.89,505,3114.91,1017.49,317.44,1251.05,333.6,195.32,22,0.18,0.1,0.87,0.0,0
22,47,Male,6257.74,484,2601.59,754.61,439.61,1163.16,236.19,8.01,64,0.37,0.11,0.81,6281.09,0
23,55,Female,5122.74,681,3282.02,1005.03,638.52,1635.81,381.19,-378.52,26,0.24,0.12,0.98,3390.1,0
24,19,Female,4851.67,795,3736.23,1304.48,609.8,1591.0,516.31,-285.36,18,0.39,0.16,0.83,4217.65,0
25,38,Male,6378.61,678,2062.8,753.31,296.07,771.61,187.59,54.22,97,0.16,0.21,0.99,0.0,0
26,50,Other,4564.59,346,2098.92,712.19,320.12,724.61,165.79,176.21,53,0.2,0.26,0.91,4892.54,0
27,29,Female,5401.09,850,2803.64,1078.88,336.33,1330.51,144.25,-86.34,87,0.16,0.12,0.86,0.0,0
28,39,Male,5482.55,827,4109.88,1496.26,719.45,1902.52,441.75,-450.1,55,0.48,0.1,0.9,3620.37,0
29,61,Male,3997.86,803,3122.85,975.49,545.38,1082.96,281.77,237.25,17,0.26,0.14,0.9,2340.62,2
30,42,Male,6488.06,321,3387.14,1132.26,388.0,1152.06,296.26,418.57,46,0.23,0.27,0.8,0.0,0
31,66,Male,4737.56,512,3197.92,1232.04,600.56,1416.77,218.4,-269.84,28,0.11,0.05,0.87,6357.61,1
32,44,Male,3866.38,609,2187.72,708.46,277.66,794.12,203.47,204.01,72,0.16,0.22,0.95,5439.6,1
33,59,Male,5804.76,571,3302.28,1205.21,654.6,1193.05,490.2,-240.77,55,0.27,0.17,0.9,0.0,1
34,45,Male,3652.3,501,1603.54,541.62,221.75,529.9,127.92,182.35,80,0.13,0.09,0.85,0.0,0
35,33,Male,5042.27,331,2059.66,639.29,242.6,726.64,226.5,224.62,35,0.3,0.13,0.87,5971.99,0
36,32,Female,4986.32,742,2213.94,549.87,299.26,853.48,282.61,228.72,55,0.28,0.11,0.97,0.0,0
37,64,Male,6628.84,461,3832.56,1093.04,551.96,1711.5,478.75,-2.69,55,0.41,0.27,0.91,0.0,0
38,68,Female,5712.05,553,1796.88,707.16,192.14,659.93,148.92,88.73,84,0.36,0.17,0.91,4190.88,0
39,61,Male,4962.46,820,3739.83,1239.95,590.23,1367.73,415.44,126.47,23,0.28,0.19,0.99,4911.07,0
40,69,Other,6226.65,779,2354.56,736.69,376.17,840.54,322.87,78.29,94,0.19,0.2,0.86,5547.17,0
41,20,Male,7085.31,309,2905.29,1123.16,505.21,1149.5,149.75,-22.33,72,0.39,0.21,0.9,0.0,0
42,54,Male,5836.72,804,3263.53,1035.53,335.87,1096.96,305.38,489.79,81,0.38,0.17,0.96,0.0,1
43,68,Other,5015.53,735,3285.46,1002.78,506.37,1304.74,237.96,233.62,12,0.16,0.05,0.95,0.0,0
44,24,Female,3032.25,410,1054.81,371.15,111.06,465.0,93.73,13.87,37,0.47,0.13,0.85,2350.52,0
45,38,Female,3402.33,452,1561.15,534.75,265.57,477.65,143.0,140.18,38,0.13,0.1,0.83,3312.8,0
46,26,Male,4542.16,401,3562.59,850.15,376.11,1075.74,444.14,816.45,96,0.12,0.22,0.94,0.0,0
47,56,Male,4085.73,490,1761.65,518.39,336.78,554.96,104.61,246.91,27,0.17,0.06,0.85,0.0,1
48,35,Female,4719.54,380,2154.59,634.53,366.73,877.2,218.17,57.95,44,0.46,0.19,0.98,5425.24,0
49,21,Female,5084.97,788,3652.28,1006.73,550.54,1719.83,388.67,-13.49,86,0.31,0.1,0.83,4920.97,0
50,42,Female,5794.54,387,1883.85,571.67,271.56,566.99,187.28,286.34,85,0.42,0.29,0.86,0.0,0
51,31,Female,4894.25,493,2605.24,736.3,294.57,1269.62,320.93,-16.17,56,0.19,0.13,0.81,4331.49,1
52,67,Male,5729.75,403,2806.48,673.19,362.32,901.6,248.03,621.34,14,0.3,0.13,0.94,0.0,0
53,26,Female,5096.71,395,2335.79,659.8,436.55,1094.08,337.51,-192.15,84,0.24,0.28,0.98,4513.75,0
54,43,Male,2036.8,722,902.0,193.44,171.78,357.71,88.56,90.51,68,0.43,0.15,0.93,2098.58,1
55,19,Male,3591.0,497,1241.36,391.22,124.23,536.11,132.98,56.82,84,0.11,0.29,0.99,3945.91,1
56,37,Male,4783.87,300,2188.2,811.23,348.83,879.96,290.05,-141.87,68,0.2,0.06,0.83,0.0,0
57,45,Female,3185.46,706,1024.21,353.41,176.09,404.98,79.4,10.32,56,0.16,0.13,0.82,0.0,0
58,64,Male,5899.89,677,4073.77,1108.39,659.44,1902.37,234.32,169.25,22,0.44,0.22,0.97,3846.69,0
59,24,Male,7296.13,466,3641.6,791.74,393.9,1643.01,439.83,373.13,87,0.29,0.27,0.97,0.0,0
60,61,Female,6828.14,808,3563.96,856.88,433.99,1413.75,350.34,508.99,98,0.26,0.11,0.97,4100.26,0
61,25,Male,4679.84,612,3494.89,1080.26,436.98,1126.5,488.06,363.09,42,0.28,0.28,0.96,5794.49,0
62,64,Female,7236.09,717,4551.7,1098.83,833.75,1470.57,674.87,473.68,71,0.49,0.2,0.87,8727.61,1
63,52,Male,5223.0,776,1587.95,490.35,232.35,730.94,142.77,-8.47,88,0.44,0.25,0.84,7763.28,0
64,31,Female,4494.37,372,3467.8,854.19,515.6,1407.5,317.46,373.05,25,0.38,0.15,0.99,4593.35,0
65,34,Female,4079.9,440,1707.73,631.49,330.43,676.8,155.06,-86.05,53,0.22,0.1,0.86,5411.63,0
66,53,Male,4546.3,561,1608.51,449.51,263.33,701.49,132.63,61.56,67,0.17,0.28,0.88,0.0,0
67,67,Male,4417.73,639,3022.01,752.81,573.78,1425.69,387.33,-117.6,15,0.47,0.28,0.94,0.0,0
68,57,Male,5255.62,607,2891.85,1048.19,421.2,1231.28,364.08,-172.9,98,0.27,0.17,0.86,0.0,0
69,21,Male,5240.86,544,2708.92,727.53,311.37,1225.98,265.11,178.94,24,0.21,0.05,0.96,0.0,0
70,19,Other,5004.57,814,2125.7,472.54,410.25,963.06,115.78,164.08,13,0.29,0.08,0.81,5330.48,0
71,23,Male,5655.41,636,3244.71,1019.1,473.31,1204.61,262.68,285.01,65,0.47,0.19,0.96,6916.4,1
72,59,Female,6785.97,375,2966.77,938.43,350.56,1052.66,235.06,390.06,73,0.25,0.06,0.92,6240.74,0
73,21,Male,6424.33,474,4823.33,1654.11,628.19,2219.86,632.38,-311.2,77,0.33,0.15,0.91,3832.61,0
74,46,Female,2772.65,408,1130.14,280.32,118.76,424.29,66.4,240.36,43,0.42,0.13,0.89,1497.19,0
75,35,Female,1169.12,482,867.69,250.55,127.4,417.07,113.29,-40.62,65,0.27,0.23,0.86,1144.59,0
76,43,Female,6401.48,491,3710.96,951.76,687.69,1165.01,433.88,472.62,41,0.19,0.06,0.89,0.0,0
77,61,Male,2949.68,364,2106.79,455.47,407.37,656.57,259.65,327.74,18,0.5,0.17,0.89,1707.42,2
78,51,Male,4662.85,773,3060.8,1148.79,591.53,1485.72,285.33,-450.57,72,0.48,0.19,0.92,0.0,0
79,27,Male,3244.83,399,2103.78,727.43,236.72,903.97,248.19,-12.54,81,0.44,0.2,0.86,2667.36,0
80,53,Female,2297.03,843,1061.62,276.33,146.72,399.09,117.74,121.75,87,0.38,0.15,0.82,0.0,0
81,31,Female,5812.19,427,2423.39,775.18,249.18,1092.98,307.52,-1.47,42,0.22,0.13,0.83,4524.69,0
82,48,Other,6138.73,751,2488.91,597.97,461.73,1081.34,235.64,112.22,96,0.47,0.22,0.94,3656.53,1
83,65,Male,4135.23,668,3012.91,1139.02,409.38,1223.97,293.1,-52.56,30,0.21,0.26,0.8,2749.34,0
84,32,Female,1113.44,342,790.78,176.33,128.99,252.87,90.43,142.16,64,0.42,0.22,0.97,750.4,1
85,25,Female,4180.63,718,2175.13,436.69,373.01,1005.86,132.26,227.3,85,0.47,0.28,0.94,5613.32,0
86,31,Male,5587.71,787,2046.23,614.69,292.58,968.29,191.58,-20.9,66,0.34,0.23,0.95,0.0,0
87,40,Male,2781.63,377,1366.13,432.55,178.48,456.88,201.09,97.13,11,0.42,0.24,0.97,0.0,0
88,57,Female,5275.04,569,3216.04,1015.6,631.06,1511.87,172.88,-115.37,22,0.42,0.09,0.82,5632.89,0
89,38,Female,4977.04,614,2623.9,553.39,515.46,1247.85,214.11,93.09,13,0.18,0.15,0.96,0.0,0
90,33,Female,5868.94,467,4050.12,1064.41,522.24,1660.09,329.72,473.67,93,0.37,0.17,0.9,0.0,0
91,62,Male,5179.37,638,4137.34,1240.54,612.17,1784.17,468.95,31.51,59,0.14,0.11,0.98,0.0,1
92,35,Female,3540.4,492,1400.46,340.75,276.29,527.2,84.84,171.38,57,0.3,0.18,0.98,0.0,0
93,64,Male,6794.86,752,3600.09,1348.32,361.76,1282.92,406.29,200.8,87,0.16,0.12,0.8,0.0,0
94,41,Male,4762.21,582,2454.88,533.74,346.8,1090.94,146.08,337.32,39,0.27,0.22,0.88,0.0,0
95,43,Male,4959.04,635,2242.71,667.15,246.8,1059.4,133.43,135.92,38,0.43,0.17,0.91,0.0,0
96,42,Female,3600.1,689,1436.61,485.98,216.81,618.91,176.44,-61.53,17,0.49,0.16,0.94,0.0,1
97,62,Female,4335.08,824,1442.91,364.12,147.85,580.51,118.92,231.52,21,0.23,0.3,0.86,5875.37,0
98,58,Female,3672.8,539,2730.94,887.14,384.22,906.09,403.48,150.02,50,0.31,0.15,0.85,3977.47,1
99,46,Male,4740.58,782,2417.34,884.45,295.08,751.05,129.9,356.86,35,0.3,0.14,0.88,0.0,0
100,32,Female,7567.56,757,4150.41,988.08,636.39,1615.08,392.26,518.61,59,0.48,0.13,0.9,4144.63,0
101,62,Male,2942.15,388,2231.53,855.67,445.41,691.49,136.82,102.14,11,0.29,0.27,0.99,0.0,1
102,18,Female,2579.66,394,1775.18,551.57,319.63,734.69,151.14,18.16,64,0.38,0.17,0.95,3719.54,0
103,42,Male,7206.76,751,2632.27,683.99,485.82,991.17,394.37,76.92,65,0.47,0.2,0.89,9728.19,0
104,24,Male,4686.01,727,2730.59,781.42,446.52,1232.69,379.24,-109.28,23,0.25,0.1,0.81,6302.41,0
105,26,Male,3996.39,450,2082.62,546.56,216.92,752.1,114.2,452.85,15,0.46,0.19,0.83,5691.73,0
106,41,Male,6559.86,813,4582.75,1581.15,553.05,1918.32,487.26,42.97,90,0.47,0.12,0.89,0.0,0
107,18,Female,4091.58,675,2709.1,973.27,521.52,1104.06,310.96,-200.71,98,0.47,0.23,0.96,0.0,0
108,61,Female,7739.01,321,4993.23,1830.46,682.13,1502.68,354.29,623.68,70,0.21,0.26,0.88,6975.55,0
109,25,Male,6016.89,612,2829.58,1123.78,312.28,889.84,182.54,321.14,21,0.26,0.23,0.91,0.0,0
110,41,Female,4268.13,818,2998.29,1074.16,510.43,1073.61,421.07,-80.98,22,0.45,0.23,0.98,0.0,1
111,28,Male,8235.96,505,2686.54,860.43,349.1,1279.99,394.6,-197.6,28,0.24,0.18,0.98,0.0,0
112,68,Female,4091.43,674,1553.98,416.22,197.18,511.88,231.84,196.85,53,0.34,0.23,0.84,0.0,0
113,34,Female,6113.14,750,2859.8,883.45,571.38,1264.54,368.85,-228.42,98,0.15,0.16,0.81,8752.69,0
114,25,Female,5448.94,478,1843.94,383.93,342.63,912.15,214.54,-9.31,68,0.12,0.21,0.86,3310.22,1
115,52,Male,6952.61,509,2902.7,1012.94,408.68,1329.76,245.49,-94.18,46,0.26,0.11,0.94,0.0,0
116,52,Female,7342.27,799,5250.28,1518.33,1039.69,1830.19,352.5,509.56,34,0.33,0.07,0.99,0.0,1
117,50,Female,5048.01,763,3907.79,797.21,644.83,1882.28,226.25,357.22,25,0.26,0.15,0.82,4966.54,0
118,22,Male,3869.87,423,1750.35,371.95,304.91,557.7,208.87,306.92,47,0.33,0.17,0.81,2780.21,0
119,59,Male,5689.96,412,2459.53,682.5,253.7,968.14,315.98,239.2,52,0.31,0.11,0.98,6275.73,0
120,56,Female,3983.43,311,1752.49,554.99,196.56,836.83,232.46,-68.34,96,0.37,0.23,0.95,4216.75,0
121,58,Female,8020.08,425,3519.69,1030.71,574.8,1507.32,497.6,-90.73,23,0.36,0.07,1.0,7057.73,1
122,45,Female,5204.8,630,1654.95,535.94,314.28,633.4,228.37,-57.04,15,0.27,0.11,0.88,7095.73,0
123,24,Female,4452.02,582,3398.93,1006.28,551.9,1218.73,509.75,112.27,98,0.27,0.24,0.88,5163.51,0
124,26,Female,5277.02,439,2146.95,713.52,243.47,805.15,159.75,225.07,32,0.16,0.16,0.83,0.0,0
125,25,Male,2979.31,700,1519.45,370.48,169.53,610.5,191.95,176.99,69,0.31,0.23,0.82,1938.52,0
126,29,Male,3542.58,396,1079.93,240.36,199.16,392.89,117.33,130.19,21,0.33,0.19,0.92,0.0,0
127,51,Male,6800.62,816,4957.5,1582.86,564.81,2447.98,377.39,-15.54,22,0.29,0.29,0.87,4536.29,0
128,50,Female,4014.66,368,2672.07,793.44,406.22,1300.27,395.98,-223.83,15,0.23,0.2,0.82,0.0,0
129,65,Male,3429.63,417,2652.4,544.73,275.08,1257.6,370.78,204.21,72,0.39,0.05,0.98,2154.0,0
130,40,Female,5804.98,358,4010.12,1107.18,433.36,1541.36,252.04,676.18,47,0.13,0.14,0.84,0.0,0
131,41,Female,6778.56,332,3096.81,685.09,517.89,1357.21,162.94,373.67,59,0.47,0.09,0.95,9406.67,1
132,54,Female,6078.43,617,2576.87,789.22,435.28,1238.36,306.22,-192.2,61,0.11,0.28,0.86,0.0,0
133,52,Male,6494.07,349,4213.73,1176.29,565.26,1980.82,465.25,26.12,49,0.48,0.08,0.96,0.0,0
134,61,Female,3864.81,788,1863.06,601.08,226.47,713.3,267.5,54.7,17,0.28,0.15,0.82,0.0,0
135,57,Male,2867.28,318,1671.93,603.77,303.24,539.16,122.72,103.04,70,0.27,0.11,0.95,0.0,1
136,39,Female,7252.0,496,2198.29,571.41,267.55,692.74,128.47,538.12,17,0.2,0.26,0.82,0.0,0
137,44,Male,4515.98,749,1494.53,586.48,230.46,620.85,113.47,-56.73,43,0.1,0.13,0.89,0.0,1
138,52,Male,4623.75,751,2624.83,806.16,516.62,1124.81,136.21,41.04,88,0.21,0.3,0.95,5624.75,0
139,18,Female,6992.29,588,4076.76,1319.48,467.95,1915.95,218.47,154.91,69,0.14,0.06,0.83,0.0,1
140,52,Male,5834.35,440,3942.42,1325.18,765.18,1413.37,557.8,-119.1,66,0.36,0.08,0.86,0.0,0
141,54,Male,5683.83,383,2080.18,693.42,246.06,693.73,177.24,269.73,55,0.23,0.11,0.97,6024.21,0
142,64,Female,8247.5,690,4590.49,1387.22,719.53,1725.11,418.11,340.52,31,0.41,0.25,0.98,9861.04,0
143,31,Female,4034.72,514,1602.69,457.97,220.69,594.14,83.08,246.8,96,0.18,0.27,0.81,0.0,0
144,20,Female,6391.76,825,2215.37,466.9,435.3,723.31,170.7,419.16,49,0.46,0.07,0.83,0.0,0
145,18,Female,5085.52,514,2569.45,525.24,327.23,1116.31,335.24,265.42,54,0.31,0.06,0.82,3253.41,0
146,22,Female,5402.89,702,2062.11,560.05,288.63,828.43,230.03,154.98,64,0.15,0.24,0.84,0.0,0
147,43,Male,7292.7,427,2996.51,799.26,594.17,1331.12,375.7,-103.74,60,0.26,0.08,0.99,0.0,0
148,31,Male,5761.75,776,2643.36,733.64,406.14,979.47,250.38,273.73,95,0.18,0.08,0.91,7103.79,0
149,56,Male,5807.44,703,2495.43,568.14,374.97,911.18,202.06,439.07,14,0.18,0.06,0.89,0.0,1
150,44,Female,6608.76,328,2272.06,789.85,285.78,896.36,223.3,76.78,22,0.3,0.06,1.0,8274.56,0
151,26,Female,4452.57,637,1535.95,570.44,261.32,730.32,126.42,-152.55,37,0.37,0.12,0.91,0.0,0
152,32,Male,3741.19,660,1483.85,575.35,150.52,457.11,198.68,102.19,93,0.46,0.07,0.93,2626.38,0
153,32,Male,3432.79,691,1116.62,333.28,117.19,514.72,89.07,62.35,89,0.3,0.14,0.87,4435.04,0
154,43,Female,2050.47,517,1257.4,427.73,201.1,470.01,145.83,12.72,71,0.49,0.26,0.88,0.0,0
155,59,Male,8084.31,501,3586.71,1331.07,481.22,1689.07,228.47,-143.11,96,0.48,0.13,0.92,7892.92,0
156,30,Female,3345.19,316,1471.46,417.39,287.42,677.52,174.64,-85.52,33,0.45,0.23,0.81,1839.8,0
157,68,Female,4668.12,621,2175.34,569.68,414.01,804.34,307.44,79.87,16,0.3,0.07,0.85,0.0,0
158,49,Female,4584.78,817,2894.82,1121.29,496.09,1270.18,320.92,-313.65,47,0.16,0.21,0.84,4157.13,0
159,56,Male,5461.11,624,4015.65,1217.28,730.1,1332.9,425.6,309.76,46,0.19,0.13,0.8,0.0,1
160,66,Female,6223.61,711,4229.21,1266.44,705.15,2026.88,617.94,-387.19,77,0.36,0.24,0.91,7097.47,1
161,69,Female,6290.71,617,4175.55,984.11,469.99,1590.46,470.75,660.24,51,0.27,0.08,0.91,0.0,2
162,49,Female,4125.38,381,2236.76,495.74,394.91,874.85,169.89,301.37,95,0.16,0.27,0.88,0.0,0
163,21,Female,4749.32,773,3072.35,1131.92,371.81,1355.37,243.45,-30.21,14,0.29,0.11,0.85,0.0,0
164,47,Female,5423.87,767,3126.22,1009.23,413.74,1451.09,376.8,-124.64,73,0.11,0.14,0.93,0.0,0
165,54,Female,4626.96,724,1888.38,500.73,343.54,655.78,233.3,155.04,59,0.39,0.29,0.83,0.0,1
166,40,Male,7411.02,503,2996.23,714.14,460.38,1295.18,240.75,285.78,96,0.13,0.19,0.9,7596.77,0
167,56,Female,5736.46,686,2571.06,799.86,478.2,972.89,217.34,102.77,24,0.35,0.14,0.95,3346.52,0
168,62,Female,6102.32,397,4609.7,1460.28,559.17,1722.83,687.33,180.08,82,0.42,0.29,0.83,0.0,1
169,32,Male,5994.32,644,3438.99,830.17,552.91,1506.29,207.01,342.6,62,0.15,0.13,0.95,0.0,0
170,60,Female,6760.21,507,4508.74,1669.5,488.65,1701.76,407.88,240.94,34,0.31,0.07,0.95,4545.9,0
171,46,Female,5271.53,813,2494.91,541.03,409.93,921.17,140.33,482.45,98,0.41,0.3,0.81,0.0,0
172,53,Female,3054.75,465,1539.16,417.45,271.28,719.06,203.34,-71.97,94,0.2,0.12,0.8,0.0,0
173,30,Male,5599.53,321,2031.41,682.71,321.97,650.57,120.33,255.84,18,0.17,0.26,0.99,5640.78,0
174,49,Male,4022.96,453,1551.45,395.35,196.45,675.16,182.14,102.35,47,0.23,0.09,0.84,0.0,0
175,24,Other,4207.07,738,3002.5,1097.52,309.66,1050.11,167.08,378.13,31,0.32,0.23,0.96,0.0,1
176,68,Female,5879.55,594,3483.16,1212.05,389.92,1055.74,408.52,416.92,96,0.33,0.18,0.91,4240.82,0
177,39,Male,6857.42,518,3214.53,1150.17,521.49,1071.57,431.72,39.57,58,0.15,0.3,0.85,5672.87,0
178,45,Female,5031.91,794,3529.51,789.98,682.76,1487.1,317.24,252.44,77,0.28,0.19,0.83,0.0,0
179,19,Female,5463.25,529,2312.37,527.47,279.0,1021.67,236.35,247.88,24,0.21,0.06,0.9,4869.59,0
180,59,Female,7553.32,319,5952.14,1531.45,1032.71,1810.71,536.61,1040.65,74,0.44,0.2,0.88,8003.61,0
181,62,Female,5361.13,447,2532.64,768.95,472.71,778.24,202.74,310.01,63,0.23,0.09,0.94,0.0,1
182,23,Male,8902.52,407,4172.22,1458.62,634.55,2004.79,543.75,-469.48,39,0.44,0.25,0.98,0.0,0
183,45,Male,5848.26,702,2666.55,979.44,445.12,839.06,205.86,197.07,29,0.27,0.26,0.96,0.0,1
184,45,Male,2358.86,782,851.68,290.31,154.58,407.81,104.16,-105.18,42,0.39,0.17,0.85,0.0,0
185,61,Female,6130.01,666,2179.64,840.73,274.78,753.36,153.93,156.85,95,0.3,0.25,0.98,0.0,0
186,61,Male,5571.74,713,3477.06,1209.14,450.94,1557.73,260.73,-1.49,86,0.35,0.09,0.97,0.0,3
187,37,Male,6934.63,608,5114.7,1336.23,511.79,1851.25,427.82,987.6,16,0.26,0.17,0.99,0.0,0
188,47,Male,6009.77,433,4178.36,1057.19,820.25,1971.14,455.09,-125.32,17,0.41,0.15,0.89,3038.75,0
189,28,Female,4792.32,582,1775.81,602.42,340.52,781.52,169.49,-118.14,37,0.27,0.2,0.95,2538.97,0
190,45,Female,3163.55,372,1812.05,432.31,319.75,689.24,225.63,145.13,54,0.28,0.06,0.92,3363.96,2
191,42,Male,4686.47,780,1653.37,361.33,178.41,521.24,117.98,474.4,82,0.31,0.24,0.86,5918.22,0
192,56,Male,3724.22,651,1201.61,368.23,173.93,536.57,61.36,61.52,98,0.43,0.07,1.0,3229.18,0
193,50,Female,4129.21,625,2593.94,945.05,285.82,1098.22,331.13,-66.28,89,0.36,0.21,0.81,4316.02,0
194,18,Male,5882.87,742,3338.98,735.5,339.21,1003.64,441.3,819.33,83,0.24,0.05,0.83,0.0,0
195,44,Male,7504.86,399,2559.25,917.18,413.62,772.6,143.18,312.67,20,0.37,0.26,0.98,0.0,0
196,69,Male,5592.01,358,1775.29,643.21,348.1,819.76,197.22,-233.0,40,0.36,0.09,0.81,4594.33,0
197,30,Male,3206.18,807,2548.52,755.52,484.95,896.77,223.81,187.46,21,0.47,0.18,0.98,0.0,0
198,58,Male,5666.9,557,1785.14,377.49,302.89,762.66,230.98,111.12,87,0.44,0.12,0.94,0.0,0
199,20,Female,6794.95,712,3548.76,833.67,389.17,1387.01,487.75,451.17,60,0.36,0.23,0.81,8914.01,1
200,56,Male,4085.33,751,2256.36,770.52,287.5,1066.55,304.84,-173.04,53,0.24,0.13,0.89,5431.09,1
201,23,Female,4798.97,364,1721.1,589.23,227.2,831.97,219.82,-147.11,59,0.41,0.23,0.95,6248.01,0
202,25,Male,5022.03,453,1931.13,733.19,340.49,964.33,148.51,-255.4,26,0.33,0.12,0.92,0.0,0
203,44,Female,3822.65,565,1819.21,575.85,327.87,601.68,238.66,75.16,44,0.49,0.24,0.99,0.0,0
204,26,Female,5972.42,378,4066.25,914.18,563.22,1921.68,420.24,246.93,10,0.2,0.06,0.97,6993.6,0
205,54,Male,4818.58,614,2667.28,598.23,378.19,942.1,147.44,601.34,38,0.13,0.12,0.87,0.0,0
206,50,Female,5629.3,547,3484.26,1199.37,363.93,1456.99,333.42,130.54,60,0.13,0.17,0.82,0.0,0
207,68,Male,3668.76,713,2907.81,688.45,374.86,1166.48,419.35,258.68,73,0.36,0.06,0.99,0.0,0
208,59,Other,4343.81,324,2971.18,789.37,431.2,902.04,412.36,436.2,13,0.48,0.1,0.9,3750.22,0
209,61,Male,6083.57,583,3146.31,935.84,351.44,1530.85,189.49,138.68,96,0.1,0.28,0.81,7483.98,0
210,41,Male,4440.75,748,2323.49,476.21,337.67,733.45,289.07,487.1,37,0.39,0.29,0.96,3546.59,0
211,32,Male,7590.45,600,4625.51,1155.29,857.19,2024.33,604.0,-15.28,25,0.36,0.23,0.97,0.0,0
212,49,Other,4400.55,367,2784.15,783.95,440.26,1272.36,214.77,72.8,72,0.39,0.11,0.93,0.0,0
213,49,Female,5337.03,306,2937.26,751.73,316.91,1348.37,285.39,234.87,85,0.24,0.12,0.89,0.0,0
214,41,Female,6398.89,436,3982.86,905.2,474.63,1302.79,482.32,817.93,62,0.43,0.21,0.93,9436.37,1
215,58,Male,2872.45,463,895.53,309.5,132.05,348.82,84.09,21.07,94,0.12,0.08,0.94,0.0,1
216,69,Female,2358.79,382,1214.33,440.35,165.33,565.74,74.41,-31.5,26,0.4,0.29,0.98,0.0,0
217,66,Male,2711.52,719,1191.63,299.69,161.91,429.62,143.7,156.71,49,0.21,0.11,0.99,1793.9,0
218,66,Female,6893.88,372,2513.42,891.97,384.37,989.16,354.8,-106.88,22,0.29,0.3,0.9,0.0,0
219,69,Male,4172.21,536,1459.33,404.4,231.22,517.42,168.19,138.11,61,0.43,0.17,0.96,4533.48,1
220,29,Male,8837.3,345,5316.48,1602.05,955.3,2087.84,677.21,-5.92,67,0.21,0.24,0.99,9836.26,0
221,56,Male,4153.63,561,2333.51,866.2,312.92,1114.41,200.3,-160.31,46,0.17,0.05,0.83,0.0,1
222,19,Male,5276.83,475,2252.11,788.22,406.61,880.63,153.86,22.79,88,0.37,0.27,0.8,0.0,0
223,20,Female,7313.16,465,3916.02,1413.77,524.2,1610.2,447.51,-79.67,85,0.31,0.12,0.97,0.0,0
224,66,Male,8009.14,669,4373.92,994.49,461.64,1665.57,362.06,890.16,70,0.31,0.22,0.84,0.0,1
225,54,Female,8092.26,353,3216.71,688.19,499.94,1261.02,437.5,330.06,88,0.2,0.25,0.81,0.0,1
226,66,Male,6812.55,718,4264.97,1615.06,677.24,1292.44,265.55,414.69,43,0.11,0.09,0.83,7589.96,0
227,34,Female,6536.09,806,4512.91,1252.63,873.04,1609.98,421.26,355.99,79,0.26,0.16,0.88,0.0,0
228,66,Male,5888.79,640,4097.02,1055.29,707.17,1586.84,367.39,380.32,26,0.14,0.17,0.84,3798.65,0
229,19,Male,6167.54,426,3708.14,1279.08,711.14,1582.48,533.25,-397.81,29,0.46,0.13,0.86,0.0,0
230,19,Female,4173.22,708,2319.56,851.93,442.65,904.65,151.5,-31.18,82,0.12,0.17,1.0,0.0,0
231,45,Male,3772.7,666,1246.89,464.46,200.07,458.31,63.57,60.47,68,0.27,0.13,0.94,0.0,1
232,40,Male,4994.94,570,2217.33,583.6,338.76,837.31,163.66,294.01,78,0.12,0.14,0.94,2588.97,0
233,54,Female,4744.72,678,1644.69,609.26,256.15,573.11,217.14,-10.97,96,0.14,0.22,0.82,0.0,1
234,49,Female,4320.16,372,3377.98,703.25,668.28,1637.98,239.61,128.87,42,0.36,0.21,0.95,5146.82,0
235,50,Male,6044.58,547,2221.63,466.39,393.93,898.31,164.6,298.4,87,0.36,0.11,0.95,7223.51,0
236,18,Male,6432.96,342,2418.07,785.16,267.5,731.91,152.31,481.19,26,0.11,0.27,0.93,5983.41,0
237,36,Female,5132.61,676,3822.71,812.79,679.84,1161.68,464.63,703.77,66,0.1,0.27,0.85,6113.32,0
238,19,Male,7216.3,340,5570.72,1475.81,652.07,2755.24,317.07,370.53,92,0.13,0.18,0.88,0.0,1
239,61,Male,3287.47,469,2245.06,751.09,324.94,772.95,186.61,209.47,10,0.41,0.16,0.97,4855.36,0
240,43,Male,4709.51,511,1425.58,381.28,172.56,657.37,111.55,102.83,22,0.33,0.14,0.93,3119.86,0
241,49,Female,3924.77,792,1180.07,278.4,199.38,367.78,124.52,209.99,36,0.12,0.23,0.95,4319.86,0
242,23,Female,2200.2,338,1076.01,275.75,202.0,521.04,132.39,-55.17,79,0.3,0.22,0.92,0.0,0
243,49,Male,4875.98,668,1812.39,528.34,233.86,860.67,187.2,2.32,68,0.38,0.1,0.89,3386.2,0
244,21,Male,4817.38,450,1489.5,439.52,161.17,616.98,213.15,58.69,15,0.45,0.22,0.95,0.0,0
245,28,Male,7270.17,410,3867.98,1379.32,502.25,1167.35,561.41,257.63,32,0.47,0.11,0.81,0.0,1
246,34,Female,5946.22,779,4587.69,1605.83,767.23,1612.86,395.21,206.56,19,0.23,0.05,0.93,5242.84,0
247,55,Male,3463.72,735,1599.93,466.16,212.59,610.16,204.42,106.6,60,0.15,0.22,1.0,3030.17,0
248,41,Male,7781.14,346,4906.56,1811.17,627.11,1923.43,607.82,-62.99,28,0.19,0.21,0.96,5790.76,0
249,22,Female,6831.55,665,4277.35,953.2,506.62,1537.86,595.82,683.85,60,0.41,0.15,0.86,6358.16,1
250,69,Male,5873.15,368,2499.26,627.49,374.27,766.25,236.92,494.34,96,0.49,0.18,0.86,0.0,0
251,51,Female,4660.27,598,2913.66,1065.22,371.77,1217.98,300.25,-41.56,77,0.29,0.29,0.93,0.0,0
252,23,Male,3560.84,595,1446.3,398.6,250.36,585.51,132.45,79.39,93,0.22,0.2,0.98,4504.71,0
253,39,Male,4441.69,502,1603.47,635.35,172.63,571.8,216.53,7.16,92,0.27,0.21,0.92,0.0,0
254,28,Male,6633.12,360,4316.12,1265.7,718.22,1327.62,314.95,689.63,51,0.22,0.07,0.91,7248.49,0
255,65,Female,7826.88,613,2792.01,1000.62,345.53,1392.99,206.53,-153.65,66,0.2,0.09,0.83,0.0,1
256,33,Female,7314.87,460,5840.59,1638.06,869.83,2315.19,509.65,507.86,77,0.34,0.13,0.94,0.0,0
257,50,Female,4266.73,630,1671.39,476.33,214.96,754.13,122.07,103.9,47,0.11,0.18,0.94,4151.16,0
258,26,Male,3320.57,827,1982.62,548.35,341.56,774.14,210.36,108.22,71,0.2,0.24,0.99,0.0,0
259,23,Female,5211.33,637,2635.3,906.06,512.65,813.34,167.21,236.05,16,0.36,0.13,0.86,5792.35,0
260,33,Male,2347.34,603,852.54,263.86,163.44,308.55,69.92,46.76,80,0.11,0.14,0.95,0.0,0
261,46,Male,5484.75,802,1721.78,669.35,272.63,626.77,243.36,-90.33,59,0.13,0.11,0.89,0.0,0
262,20,Female,4778.6,637,2921.47,730.89,427.3,1366.29,265.63,131.37,61,0.22,0.11,0.91,4813.19,1
263,37,Male,4300.95,849,3025.19,665.88,550.07,1303.39,377.61,128.23,35,0.45,0.29,0.96,0.0,1
264,53,Male,2607.95,574,1880.35,523.96,316.52,667.69,115.35,256.82,35,0.41,0.21,0.84,1769.77,0
265,36,Male,5770.4,463,3123.84,1010.07,369.73,1541.77,233.53,-31.25,28,0.11,0.09,0.87,0.0,0
266,43,Male,4200.95,742,2893.31,1076.77,526.85,1054.06,378.26,-142.62,18,0.3,0.23,0.95,0.0,0
267,20,Male,3245.12,618,2065.27,556.05,295.1,1031.91,260.84,-78.63,70,0.21,0.23,0.91,2272.63,0
268,36,Female,1000.0,803,662.13,219.0,78.73,330.56,58.67,-24.83,29,0.36,0.22,0.82,914.11,0
269,37,Male,4958.73,686,2708.95,731.52,347.23,916.28,393.99,319.92,59,0.39,0.08,0.89,0.0,0
270,49,Female,7658.38,793,4722.97,1527.61,598.65,1712.3,666.24,218.16,89,0.45,0.15,0.92,5464.23,1
271,24,Female,7491.89,789,5265.02,1984.71,799.87,2091.31,769.9,-380.77,90,0.29,0.08,0.98,5929.37,0
272,69,Male,4314.36,372,2152.61,530.13,265.71,931.69,199.74,225.34,31,0.5,0.25,0.84,0.0,1
273,58,Male,4096.68,808,2879.92,808.82,323.58,1168.12,200.87,378.53,22,0.49,0.21,0.96,0.0,0
274,50,Male,5703.16,689,3399.13,1355.07,381.96,1678.79,382.97,-399.66,21,0.45,0.18,0.83,4666.17,0
275,57,Female,3502.42,594,1341.25,501.24,212.36,596.59,158.91,-127.84,19,0.33,0.14,0.85,0.0,0
276,56,Male,5452.69,668,1703.1,532.95,295.45,583.16,106.52,185.03,74,0.26,0.1,0.85,0.0,0
277,35,Female,6149.12,848,2960.04,897.86,391.18,950.23,380.8,339.97,39,0.25,0.08,0.98,6766.83,0
278,57,Male,6840.4,486,3921.93,1007.62,405.78,1716.55,203.18,588.79,17,0.1,0.29,0.84,0.0,1
279,18,Female,4849.77,744,3491.4,1059.44,393.56,1158.06,343.11,537.23,30,0.2,0.1,0.96,7016.51,0
280,28,Male,4694.49,662,1707.59,631.19,326.95,781.28,141.9,-173.73,31,0.39,0.06,0.89,2713.65,0
281,45,Male,3683.03,422,2578.5,869.04,385.11,933.95,319.81,70.58,27,0.34,0.29,1.0,4144.72,0
282,42,Female,3759.68,487,2750.22,709.58,399.76,1004.87,223.53,412.48,75,0.47,0.19,0.97,3473.71,1
283,67,Female,4660.28,719,1749.21,420.32,181.58,528.54,232.09,386.68,57,0.12,0.25,0.95,0.0,0
284,40,Male,5551.05,551,4028.94,1019.49,696.46,1773.55,441.15,98.29,53,0.16,0.06,0.97,0.0,0
285,48,Female,6370.38,848,5069.08,1185.92,774.59,1635.56,655.88,817.13,18,0.42,0.19,0.93,0.0,0
286,47,Female,3795.23,634,2517.83,551.73,302.66,1144.55,374.99,143.9,76,0.24,0.15,0.97,5539.97,0
287,59,Female,7239.03,391,5012.2,1422.6,556.39,1996.73,591.02,445.46,63,0.15,0.24,0.85,0.0,0
288,52,Female,4593.31,829,3661.83,815.34,506.57,1672.93,543.76,123.22,35,0.5,0.06,0.82,0.0,0
289,24,Male,4967.95,362,2994.38,701.83,550.12,1248.02,158.35,336.07,94,0.41,0.15,0.92,3675.35,0
290,33,Male,3879.18,811,1760.93,544.95,328.47,557.31,147.59,182.62,35,0.26,0.25,0.89,5399.31,0
291,43,Male,1363.64,438,980.14,228.29,157.1,444.13,59.58,91.03,43,0.43,0.18,0.89,0.0,0
292,65,Female,6326.07,484,3841.46,817.37,663.63,1206.06,292.84,861.56,17,0.37,0.19,0.91,0.0,0
293,69,Female,6105.27,504,3605.76,950.04,402.1,1426.94,482.77,343.91,19,0.42,0.07,0.87,6366.41,1
294,66,Male,4578.01,513,1953.98,476.89,310.32,653.55,104.01,409.2,57,0.43,0.08,0.93,6669.23,1
295,19,Male,5100.49,555,3458.98,1048.28,576.6,1558.16,352.88,-76.94,64,0.13,0.22,0.81,0.0,0
296,18,Female,5773.91,434,1967.94,433.88,236.29,949.17,210.0,138.59,63,0.35,0.22,0.99,0.0,0
297,65,Other,2656.18,387,2024.39,709.25,380.62,831.67,214.82,-111.97,87,0.1,0.29,0.98,2756.07,0
298,29,Female,4206.42,506,1947.2,742.36,232.69,789.45,189.91,-7.22,49,0.12,0.23,0.99,4172.42,0
299,22,Male,6191.4,428,2252.97,785.58,295.92,1020.13,290.77,-139.43,24,0.46,0.17,0.87,8063.79,0
300,54,Male,3118.57,302,1625.34,498.27,263.4,489.25,102.97,271.45,90,0.31,0.26,0.91,0.0,0
301,49,Male,5440.34,420,1747.63,650.35,286.32,845.07,141.66,-175.77,27,0.39,0.08,0.99,0.0,0
302,26,Female,2965.13,684,1904.54,645.61,323.65,646.57,212.49,76.21,32,0.44,0.16,0.98,2509.84,0
303,58,Male,5699.64,337,4282.44,865.53,476.21,2127.62,510.02,303.07,71,0.48,0.12,0.96,0.0,0
304,52,Female,4946.54,640,3554.74,991.13,657.44,1589.86,321.4,-5.08,55,0.45,0.08,0.88,0.0,0
305,36,Male,2577.3,320,937.33,346.99,143.68,426.34,128.92,-108.6,96,0.29,0.24,0.91,0.0,0
306,65,Female,6747.11,541,2450.12,659.5,360.49,1056.59,224.31,149.23,48,0.23,0.18,0.96,4164.8,0
307,33,Female,3898.11,754,2754.86,570.38,545.77,1086.33,248.7,303.69,24,0.16,0.19,0.85,4497.18,0
308,20,Female,3784.62,602,2884.36,1007.32,501.99,1195.07,154.66,25.32,62,0.26,0.15,0.93,5113.16,0
309,37,Male,5300.85,368,2811.23,1013.19,314.3,869.46,295.5,318.78,97,0.25,0.17,0.97,7588.75,0
310,41,Male,6722.96,428,3694.17,857.49,648.89,1569.25,446.51,172.03,73,0.32,0.08,0.94,9900.08,0
311,50,Male,3476.27,495,1596.06,490.74,174.81,678.68,98.07,153.77,72,0.37,0.22,0.9,4453.5,0
312,41,Female,5092.52,439,3804.79,907.03,390.93,1819.6,306.45,380.78,89,0.49,0.16,0.92,0.0,1
313,69,Female,5643.22,743,3512.63,1207.81,493.04,1409.03,450.06,-47.3,25,0.39,0.25,1.0,0.0,1
314,28,Female,6039.66,582,2682.37,682.15,534.75,846.1,232.27,387.1,79,0.36,0.1,0.92,5435.45,1
315,66,Female,5264.66,611,2365.89,622.81,277.97,854.65,175.46,435.01,75,0.23,0.1,0.96,0.0,0
316,25,Female,4449.46,834,3317.52,1224.14,554.9,1430.27,388.88,-280.68,22,0.11,0.21,0.95,4588.58,0
317,53,Male,3758.61,576,1153.21,340.5,135.32,401.15,80.35,195.89,56,0.22,0.26,0.94,0.0,0
318,55,Female,5129.22,360,2366.43,790.27,408.16,842.7,330.27,-4.97,18,0.41,0.17,0.94,0.0,0
319,57,Male,3391.79,618,1957.67,549.08,294.7,908.54,118.56,86.8,72,0.18,0.23,0.89,1905.49,2
320,37,Male,1000.0,351,374.11,97.12,62.85,155.95,45.14,13.05,43,0.38,0.3,0.89,1056.82,1
321,52,Female,5654.84,452,1956.85,636.16,235.38,786.08,195.6,103.63,90,0.33,0.3,0.89,3796.04,0
322,65,Male,6355.9,610,4497.68,1038.84,785.13,1635.76,616.15,421.8,38,0.17,0.24,0.81,9314.69,0
323,42,Male,1455.6,843,1087.63,298.66,217.05,485.28,68.11,18.53,46,0.2,0.23,0.85,0.0,0
324,52,Female,3485.4,688,2480.92,599.91,413.23,887.04,292.23,288.52,52,0.3,0.11,0.83,0.0,0
325,42,Male,5928.73,847,4442.96,1506.87,663.55,1987.83,476.31,-191.6,95,0.27,0.26,0.98,8343.3,0
326,46,Female,8086.24,476,4662.17,1812.85,896.62,1464.02,456.93,31.76,73,0.41,0.15,0.85,0.0,0
327,35,Male,5031.19,661,3552.67,1417.88,360.9,1680.09,352.21,-258.41,33,0.39,0.29,0.83,0.0,0
328,63,Male,3908.0,613,1922.82,557.72,332.63,768.96,234.96,28.54,80,0.33,0.07,0.82,0.0,0
329,35,Male,4725.66,396,2991.97,749.51,565.11,1159.99,430.17,87.2,43,0.43,0.16,0.94,0.0,1
330,19,Male,7062.31,512,5610.43,1618.98,595.64,2368.75,331.72,695.34,57,0.33,0.19,0.8,9651.42,0
331,52,Female,4031.05,436,1664.28,614.87,241.33,707.05,86.46,14.56,21,0.49,0.15,0.89,5219.12,0
332,33,Male,3801.21,305,1881.41,453.8,226.66,614.11,245.66,341.19,32,0.19,0.1,0.82,5560.19,0
333,58,Female,4275.88,408,2309.08,901.51,361.72,1041.96,140.43,-136.55,88,0.39,0.2,0.97,2445.32,0
334,53,Male,3570.01,846,1317.36,353.54,217.3,467.91,195.85,82.75,22,0.25,0.24,0.99,0.0,0
335,50,Female,5184.01,338,1765.25,701.09,229.95,849.07,197.59,-212.45,96,0.21,0.21,0.99,0.0,0
336,21,Female,7437.02,724,5316.44,1954.97,776.19,2464.54,611.85,-491.12,54,0.17,0.11,0.89,0.0,1
337,50,Female,5484.62,560,4324.06,1564.07,553.19,1596.67,302.2,307.91,74,0.32,0.23,0.93,0.0,0
338,31,Male,4621.47,725,2321.65,611.94,317.93,1071.55,171.87,148.36,56,0.19,0.11,0.92,0.0,0
339,38,Male,4562.28,386,1568.63,316.48,181.89,582.4,181.86,306.0,67,0.18,0.09,0.87,0.0,1
340,65,Male,2655.21,764,883.94,244.34,166.67,283.03,124.61,65.28,14,0.5,0.22,0.89,2420.19,1
341,37,Female,6324.66,375,4716.04,1227.88,476.33,2322.07,699.1,-9.34,86,0.42,0.26,0.81,7685.11,1
342,25,Male,4883.24,770,2597.43,538.91,488.94,1118.25,181.31,270.02,14,0.4,0.17,0.96,4819.84,0
343,24,Female,4729.28,713,2175.53,654.99,341.92,851.11,137.95,189.55,69,0.42,0.18,0.85,4376.17,0
344,20,Female,9789.66,756,5269.1,1478.54,701.66,1999.91,293.17,795.81,30,0.49,0.13,0.89,0.0,1
345,34,Male,5448.13,584,2501.52,817.78,431.03,912.91,342.28,-2.47,33,0.33,0.17,0.9,0.0,1
346,50,Female,3872.31,538,2108.54,683.67,317.92,1046.45,167.57,-107.06,27,0.19,0.08,0.91,0.0,0
347,65,Male,4360.46,671,3182.17,713.28,477.04,1040.41,159.69,791.75,30,0.44,0.29,0.96,0.0,0
348,29,Male,6722.67,794,4007.72,1584.63,444.91,1454.65,290.09,233.45,63,0.4,0.25,0.94,0.0,0
349,68,Female,5169.91,344,3346.62,794.44,465.02,1328.94,281.26,476.96,19,0.27,0.22,0.93,0.0,0
350,39,Female,2842.58,700,1371.08,396.32,170.16,542.4,204.43,57.78,33,0.29,0.18,0.91,3867.87,0
351,39,Female,6378.84,546,4269.06,1270.57,433.61,1683.18,436.96,444.75,94,0.26,0.25,0.82,4124.76,0
352,63,Male,3997.78,749,2531.83,918.07,344.35,848.56,178.42,242.42,98,0.47,0.17,0.88,5631.32,1
353,47,Male,7809.95,784,2809.87,617.74,306.23,924.41,234.57,726.92,69,0.24,0.12,0.99,0.0,0
354,55,Female,6620.07,317,3881.49,1109.05,487.84,1362.22,322.28,600.09,66,0.49,0.09,1.0,9264.31,1
355,55,Female,4329.02,588,1854.43,603.99,202.6,895.51,96.38,55.95,32,0.46,0.21,0.95,5587.98,0
356,62,Female,6921.52,713,4859.24,1180.95,534.97,1567.64,308.65,1267.03,31,0.35,0.28,0.85,7489.0,0
357,68,Male,5101.78,534,2617.06,851.83,313.79,1181.56,312.79,-42.92,77,0.33,0.09,0.82,0.0,0
358,25,Female,6279.16,715,5006.64,1926.22,1001.25,2260.55,310.54,-491.92,43,0.25,0.1,0.88,5185.61,0
359,44,Male,5727.1,798,1983.01,792.22,198.73,916.06,144.91,-68.91,79,0.11,0.16,0.97,6152.21,0
360,44,Male,3730.47,414,2574.67,531.64,421.9,1228.95,219.04,173.14,37,0.15,0.25,0.94,0.0,1
361,51,Female,4034.68,533,2569.49,634.97,293.24,906.02,323.17,412.09,48,0.4,0.12,0.98,0.0,0
362,38,Male,6544.94,839,4475.1,1172.75,859.5,1543.52,484.39,414.95,51,0.29,0.11,0.92,0.0,0
363,47,Female,4497.84,310,2040.96,571.11,223.21,802.3,242.67,201.67,32,0.16,0.2,0.83,3346.09,0
364,50,Male,4394.53,505,2399.53,596.17,469.12,847.08,256.03,231.13,79,0.21,0.18,0.82,5883.6,0
365,45,Male,3567.32,546,2490.89,599.55,401.26,1113.09,294.82,82.17,89,0.48,0.07,0.81,0.0,1
366,64,Female,5635.4,426,2345.85,917.02,234.88,1002.12,117.96,73.87,11,0.25,0.07,0.91,0.0,1
367,50,Female,8093.79,446,3342.87,1282.67,633.14,1587.85,478.33,-639.13,33,0.46,0.21,0.85,11670.92,0
368,22,Female,3398.7,417,1956.04,409.59,297.65,619.18,119.5,510.12,26,0.22,0.17,0.95,0.0,0
369,65,Female,5036.33,681,2829.32,757.59,357.25,1366.61,256.41,91.47,74,0.32,0.29,0.94,0.0,0
370,36,Female,7118.33,711,3140.12,882.47,554.95,1126.27,399.12,177.32,79,0.11,0.22,0.86,0.0,0
371,21,Female,4880.54,662,2191.55,543.07,422.24,872.54,204.96,148.74,78,0.31,0.05,0.84,6921.15,1
372,52,Female,5678.56,808,2492.45,811.98,369.8,966.38,360.62,-16.33,69,0.35,0.17,0.82,4250.48,0
373,66,Male,3406.41,436,2335.97,766.37,307.31,1056.0,226.03,-19.75,59,0.19,0.15,0.95,0.0,1
374,34,Female,5642.46,474,3531.9,1307.16,631.84,1356.49,485.61,-249.2,21,0.33,0.08,0.89,5080.44,0
375,61,Male,4719.28,588,3379.99,1176.82,568.44,1651.84,443.06,-460.17,56,0.36,0.28,0.86,2415.59,0
376,45,Other,6478.59,780,5103.43,1574.48,963.91,2452.23,755.81,-643.01,76,0.37,0.25,0.97,0.0,0
377,47,Female,6781.08,318,3642.0,1204.47,616.41,1727.88,519.55,-426.32,74,0.41,0.11,0.92,5594.34,1
378,46,Male,8884.35,494,2961.57,754.6,368.28,930.68,414.06,493.95,36,0.22,0.11,0.9,0.0,1
379,63,Female,5869.45,629,1901.97,605.99,367.4,895.55,234.25,-201.21,57,0.33,0.06,0.95,8108.5,0
380,23,Female,5488.69,474,2458.02,732.11,271.57,1121.66,213.11,119.57,97,0.49,0.12,0.96,0.0,0
381,52,Male,5291.58,748,4054.79,919.09,514.12,1300.38,245.77,1075.42,71,0.46,0.2,0.94,5573.8,1
382,58,Female,4470.25,653,2510.52,623.89,381.65,807.09,298.41,399.49,53,0.48,0.16,0.89,0.0,0
383,54,Female,5507.73,798,2400.78,620.21,375.9,768.81,354.99,280.86,28,0.25,0.29,0.88,4328.56,0
384,41,Male,4556.9,440,2276.55,876.16,231.14,688.13,279.24,201.88,68,0.41,0.06,0.95,0.0,0
385,46,Female,5252.69,392,3147.93,774.63,560.51,1289.79,449.75,73.24,17,0.35,0.2,0.9,5892.03,0
386,66,Male,6976.4,538,4370.54,1126.94,595.1,2162.01,570.05,-83.56,64,0.13,0.26,0.94,0.0,0
387,63,Female,3490.19,504,1315.66,360.32,185.04,510.13,87.24,172.93,56,0.43,0.17,0.98,3595.57,1
388,48,Other,6709.82,732,5290.8,1760.51,957.3,2159.45,396.39,17.16,11,0.37,0.05,0.98,9403.57,0
389,52,Female,6975.67,544,3992.78,892.98,550.72,1970.81,336.14,242.14,48,0.18,0.11,0.86,0.0,0
390,50,Male,4822.9,616,1774.07,693.29,185.79,622.76,118.55,153.68,54,0.13,0.13,0.84,6255.67,0
391,69,Female,1817.22,594,1357.13,506.36,159.66,640.15,146.79,-95.84,41,0.43,0.29,0.85,0.0,1
392,38,Female,4088.27,581,1379.05,435.01,269.73,564.42,203.47,-93.58,74,0.13,0.28,0.95,2888.72,0
393,49,Male,6945.49,316,5235.98,1753.05,560.46,2167.15,660.5,94.83,47,0.14,0.29,0.87,4240.11,0
394,40,Female,4965.7,370,3964.03,806.01,537.1,1461.28,366.03,793.6,86,0.27,0.26,0.83,0.0,2
395,50,Male,3501.05,568,2276.44,609.6,342.19,938.61,114.85,271.18,20,0.15,0.14,0.82,4185.52,0
396,20,Female,4242.84,624,2907.29,1044.1,434.14,914.72,236.44,277.89,19,0.47,0.28,0.87,0.0,0
397,35,Male,6260.93,604,2934.19,632.31,294.58,1328.98,301.27,377.05,68,0.29,0.3,0.83,0.0,0
398,42,Male,5820.1,750,4486.07,1150.51,673.43,1601.25,369.76,691.12,99,0.33,0.14,0.83,6421.58,0
399,59,Male,4641.6,306,2621.84,831.28,362.8,1251.99,160.2,15.57,64,0.47,0.12,0.94,2466.18,0
400,48,Female,4449.76,613,2964.41,744.9,584.6,1107.41,279.47,248.01,29,0.31,0.19,0.8,0.0,0
401,20,Male,4412.36,402,3362.46,1300.58,389.76,1104.79,253.28,314.05,90,0.24,0.1,0.82,0.0,0
402,57,Female,3616.38,492,2848.23,644.3,385.69,1250.87,401.38,165.98,26,0.42,0.06,0.97,3412.92,0
403,63,Male,7423.06,828,5319.38,1912.21,755.08,1770.91,320.1,561.1,77,0.28,0.29,0.97,0.0,0
404,41,Male,4516.52,470,2039.25,615.02,283.6,919.16,111.99,109.49,14,0.23,0.28,0.87,2799.97,0
405,67,Female,6825.74,836,5346.42,1871.6,890.62,2639.11,270.16,-325.08,69,0.39,0.09,0.82,8367.63,0
406,49,Female,7281.97,550,4471.57,1172.19,543.52,2038.63,370.28,346.94,32,0.42,0.15,0.94,0.0,0
407,64,Male,6497.47,686,4972.65,1506.21,607.2,1514.12,577.02,768.11,55,0.42,0.26,0.87,0.0,0
408,39,Female,4352.57,506,2777.17,1031.35,480.23,1166.35,341.71,-242.47,61,0.49,0.22,0.81,4145.54,0
409,40,Female,5605.6,840,2542.81,746.0,381.49,1116.5,242.4,56.42,19,0.41,0.15,0.83,0.0,0
410,19,Female,4963.71,715,2407.46,654.69,340.69,1119.69,285.12,7.26,55,0.41,0.24,0.83,2729.05,0
411,44,Male,3644.45,679,2096.42,644.08,245.11,652.41,180.27,374.54,37,0.44,0.27,0.92,2480.51,1
412,59,Male,5486.54,443,3813.19,1309.72,452.83,1510.1,445.31,95.22,52,0.1,0.28,0.98,6295.85,0
413,19,Female,3231.44,324,1483.2,428.22,149.89,603.77,80.18,221.14,35,0.24,0.14,0.96,0.0,0
414,43,Male,6781.52,372,4000.18,1551.17,436.59,1335.36,356.32,320.74,64,0.4,0.09,0.91,0.0,0
415,34,Female,4303.07,392,2034.55,526.93,316.75,741.57,262.63,186.67,57,0.34,0.28,0.88,4594.66,0
416,57,Female,5301.74,804,3753.02,1107.49,710.02,1456.34,489.02,-9.85,38,0.17,0.07,0.92,7798.89,0
417,50,Female,5424.93,635,2893.46,1016.72,372.44,1350.21,351.89,-197.79,36,0.22,0.23,0.89,7504.78,0
418,26,Female,4611.64,724,1560.4,527.14,207.18,758.17,109.89,-41.98,27,0.23,0.09,0.85,0.0,0
419,60,Other,5880.04,798,2252.21,839.46,251.26,958.73,168.29,34.47,69,0.33,0.15,0.94,3608.01,0
420,65,Male,4287.64,663,1417.29,566.01,196.81,537.14,212.04,-94.71,83,0.43,0.15,0.97,0.0,0
421,56,Female,6306.95,498,3466.62,989.28,359.57,1216.11,209.17,692.5,78,0.47,0.09,0.87,3967.64,0
422,46,Male,2981.03,712,1052.81,233.97,201.89,522.64,71.66,22.65,83,0.4,0.28,0.97,3377.31,0
423,59,Male,5189.57,638,1853.04,381.88,310.03,920.23,116.75,124.15,30,0.44,0.05,0.89,6331.68,0
424,43,Female,7908.39,728,6093.61,2104.58,1213.08,2955.37,504.34,-683.77,33,0.29,0.27,0.88,0.0,0
425,52,Female,3499.5,438,2576.78,965.78,485.16,1177.93,183.0,-235.1,12,0.26,0.27,0.81,3963.74,0
426,67,Other,3983.38,841,2095.43,511.58,308.66,765.16,209.06,300.97,71,0.26,0.13,0.94,0.0,0
427,42,Female,5770.86,356,4575.73,1060.15,695.37,2120.39,446.6,253.22,11,0.35,0.23,0.96,4577.83,0
428,41,Male,5269.37,531,1581.3,335.93,188.27,603.68,221.62,231.81,75,0.15,0.11,0.93,0.0,0
429,30,Male,5525.95,734,3354.19,1222.74,490.4,1225.47,179.36,236.23,51,0.33,0.24,0.83,0.0,0
430,24,Female,5733.78,683,3487.37,914.65,663.66,1565.73,285.92,57.4,43,0.37,0.19,0.82,0.0,1
431,53,Male,5952.08,493,3146.99,882.23,330.7,994.23,345.12,594.71,51,0.28,0.13,0.91,5616.85,1
432,62,Male,6664.55,833,3322.1,998.46,619.09,1028.9,367.03,308.63,29,0.48,0.15,0.88,9001.26,1
433,37,Male,5614.73,817,2962.84,1090.0,397.3,1154.3,290.4,30.85,77,0.34,0.22,0.89,3237.86,1
434,18,Male,4638.11,484,2353.75,777.13,447.1,915.91,309.67,-96.06,54,0.19,0.28,0.99,3968.07,0
435,25,Male,6008.86,591,3997.37,1291.2,775.84,1915.26,224.94,-209.87,84,0.29,0.08,0.94,8411.05,0
436,63,Male,7849.82,634,2886.2,678.65,482.25,938.68,379.68,406.95,51,0.37,0.19,0.88,0.0,0
437,33,Male,4801.05,415,1914.75,579.48,318.7,621.64,190.47,204.47,56,0.23,0.11,0.8,3892.06,0
438,31,Male,3538.21,348,1380.82,473.73,200.6,454.97,87.51,164.02,14,0.13,0.25,0.81,4523.32,0
439,29,Other,6660.62,381,2872.29,1133.56,527.22,878.77,398.01,-65.27,98,0.33,0.07,0.94,0.0,0
440,68,Male,4819.43,632,2711.55,651.53,531.9,852.37,311.62,364.13,58,0.48,0.22,0.97,0.0,0
441,40,Male,1741.0,634,619.11,125.0,109.9,267.44,41.08,75.69,46,0.29,0.09,0.94,0.0,0
442,32,Female,6271.13,831,4603.54,990.04,746.67,1778.43,245.67,842.74,43,0.46,0.2,0.88,0.0,0
443,45,Male,4197.01,520,1883.12,518.18,302.58,852.53,120.73,89.11,82,0.43,0.26,0.81,0.0,0
444,51,Female,4864.2,622,1854.57,675.27,343.0,924.54,205.63,-293.87,79,0.16,0.24,0.99,0.0,2
445,19,Female,5497.97,302,3506.66,706.34,540.45,1514.2,238.21,507.47,27,0.38,0.24,1.0,2935.23,1
446,49,Male,5285.75,505,1686.38,491.32,304.2,522.93,122.39,245.54,87,0.27,0.18,0.91,0.0,1
447,40,Male,6064.18,339,3699.05,983.38,558.14,1187.07,194.25,776.2,28,0.2,0.27,0.81,0.0,0
448,39,Female,4346.77,358,2821.49,593.91,299.77,1343.59,345.05,239.16,87,0.37,0.2,0.91,4660.07,0
449,68,Female,5769.66,806,2350.9,681.87,325.35,953.29,308.05,82.33,49,0.4,0.28,0.98,6438.39,0
450,42,Male,4610.68,421,1479.95,371.39,213.77,688.13,191.93,14.73,26,0.17,0.19,0.94,0.0,0
451,39,Female,6108.22,778,2943.08,795.74,335.99,1387.14,184.7,239.51,69,0.47,0.18,0.94,8013.91,0
452,39,Male,5923.05,395,2068.9,705.75,228.1,1004.53,290.33,-159.8,51,0.4,0.11,0.82,0.0,0
453,66,Other,3596.84,713,1288.53,392.11,197.85,631.34,151.05,-83.82,90,0.47,0.19,0.82,0.0,0
454,69,Male,6628.97,534,2831.44,636.87,307.25,1163.62,395.7,327.99,81,0.23,0.09,0.83,0.0,0
455,59,Female,4196.05,361,1878.72,736.99,244.79,691.75,177.94,27.25,74,0.48,0.27,0.98,5536.77,0
456,23,Female,6212.09,555,3509.74,1148.32,612.31,1728.1,328.85,-307.84,62,0.25,0.22,0.91,6942.75,0
457,32,Female,5550.93,647,3548.13,1253.11,697.01,1452.89,455.77,-310.65,16,0.12,0.3,0.96,8296.97,0
458,60,Female,7757.28,423,4626.33,998.56,794.74,1447.35,274.48,1111.2,14,0.41,0.07,0.82,9581.66,0
459,54,Male,4664.8,781,1745.48,365.52,347.81,748.03,178.19,105.92,33,0.38,0.11,0.99,3339.24,1
460,50,Male,4476.02,616,1727.94,352.31,293.46,721.48,230.92,129.77,37,0.34,0.27,0.96,6027.61,1
461,25,Male,4970.87,803,3675.39,873.86,475.52,1761.09,488.9,76.02,71,0.3,0.15,0.84,4547.02,0
462,61,Male,4545.23,347,2632.49,744.68,440.17,1133.65,383.33,-69.33,26,0.11,0.17,0.97,0.0,0
463,61,Female,6199.91,708,4556.74,1764.21,775.63,1685.13,546.02,-214.25,29,0.35,0.27,0.85,0.0,0
464,22,Male,2575.53,435,1251.13,364.59,171.62,617.11,88.55,9.25,12,0.27,0.18,0.84,3254.32,0
465,56,Male,3419.48,500,2076.31,535.79,211.31,955.77,108.03,265.41,46,0.32,0.1,0.85,4993.14,0
466,21,Other,3398.3,549,1909.27,596.43,325.19,813.51,187.0,-12.85,99,0.27,0.27,0.98,2637.54,0
467,23,Female,6425.46,613,2952.9,656.69,301.7,1058.86,299.34,636.31,24,0.49,0.06,0.98,0.0,0
468,62,Female,7565.92,667,4047.45,1302.88,660.21,1516.61,299.62,268.13,60,0.34,0.27,0.87,8047.24,0
469,49,Other,4843.33,728,2669.86,837.5,310.67,1158.7,166.79,196.2,57,0.4,0.06,0.94,6352.91,1
470,69,Male,4746.77,779,1900.54,681.15,297.55,597.52,206.44,117.88,17,0.47,0.22,0.94,0.0,0
471,47,Male,5105.08,613,2335.6,928.02,351.25,820.58,295.28,-59.54,22,0.34,0.07,0.96,5411.17,0
472,64,Female,6742.82,799,4691.01,1173.57,475.44,2077.09,700.44,264.47,57,0.1,0.23,0.86,7628.75,0
473,52,Female,3608.97,654,2735.22,825.85,372.77,1083.16,344.17,109.27,12,0.11,0.06,0.9,0.0,2
474,57,Male,5357.55,784,2571.07,981.57,411.65,978.24,332.6,-132.99,74,0.38,0.26,0.93,4996.32,0
475,69,Female,6462.8,510,2930.79,1046.4,541.79,968.01,327.21,47.37,82,0.21,0.17,0.81,0.0,0
476,33,Male,5751.64,343,2286.84,680.29,431.9,888.14,339.81,-53.3,40,0.33,0.07,0.88,0.0,0
477,30,Male,5284.37,840,3378.01,1314.3,501.25,1534.08,385.08,-356.7,35,0.18,0.23,0.94,3236.97,0
478,67,Female,6501.57,391,3000.8,634.51,518.66,1058.69,408.18,380.75,90,0.21,0.17,0.85,0.0,1
479,59,Female,1000.0,564,793.87,306.59,104.51,239.02,114.78,28.97,65,0.3,0.1,0.99,0.0,0
480,47,Female,6016.81,519,2784.84,585.1,373.78,1207.79,398.19,219.98,43,0.49,0.05,0.81,0.0,0
481,36,Male,4018.89,741,1997.66,618.2,238.61,987.89,176.08,-23.12,18,0.35,0.15,0.99,0.0,1
482,34,Female,2254.05,700,1356.19,512.76,211.83,571.45,78.48,-18.33,71,0.47,0.07,0.84,0.0,0
483,36,Male,5766.8,699,4041.62,1020.69,531.3,1309.42,271.55,908.67,22,0.48,0.07,0.81,0.0,0
484,45,Male,7060.49,789,3775.66,1111.74,409.42,1374.89,211.14,668.46,78,0.18,0.12,0.86,8845.33,0
485,43,Female,4793.83,784,2451.22,649.24,413.03,1160.72,148.4,79.83,50,0.22,0.21,0.96,4150.09,0
486,54,Female,6429.31,769,5129.43,2002.68,875.98,1777.42,351.19,122.17,86,0.41,0.18,0.95,0.0,0
487,43,Female,7418.42,744,2264.45,825.91,307.96,954.55,190.46,-14.44,10,0.45,0.07,0.84,0.0,0
488,40,Female,6972.37,568,5212.08,1781.49,561.2,1983.37,543.9,342.12,98,0.31,0.29,0.84,0.0,0
489,26,Female,7459.95,566,2794.28,887.25,398.55,954.44,338.58,215.46,56,0.5,0.27,0.93,0.0,0
490,29,Female,6113.19,353,4236.21,1542.48,611.0,1960.02,301.16,-178.45,13,0.1,0.11,0.89,9022.17,0
491,18,Male,5113.15,827,3113.73,867.03,519.58,1396.72,365.09,-34.68,72,0.22,0.08,0.96,4433.42,0
492,18,Male,2597.05,819,1223.01,354.07,160.88,528.73,147.28,32.05,61,0.35,0.29,0.8,1837.89,0
493,64,Male,4630.91,358,3412.69,1180.79,574.22,1185.12,361.27,111.29,19,0.29,0.17,0.92,0.0,0
494,51,Male,3735.13,339,1144.64,310.83,214.22,365.8,160.66,93.14,37,0.15,0.13,0.95,2520.61,0
495,49,Female,8256.41,536,3412.75,726.17,422.32,1417.08,208.52,638.66,15,0.25,0.17,1.0,0.0,0
496,65,Female,4736.17,685,2763.3,593.74,546.84,1134.99,187.11,300.63,36,0.11,0.24,0.94,3079.53,1
497,42,Male,5184.81,599,2466.78,550.27,341.99,832.98,229.08,512.47,21,0.36,0.09,0.85,6007.76,0
498,57,Male,5827.23,694,3526.57,1318.71,446.91,1097.64,221.01,442.29,71,0.46,0.24,0.82,3790.85,0
499,62,Female,5065.4,506,1580.69,465.43,224.7,499.72,168.55,222.3,61,0.45,0.24,0.93,0.0,0
500,18,Male,7542.58,635,2701.97,925.63,295.7,1347.08,242.75,-109.19,57,0.38,0.18,0.9,0.0,0
501,33,Female,4066.03,813,1478.2,411.8,166.4,675.12,115.98,108.9,76,0.29,0.27,0.98,3371.85,0
502,56,Female,5291.91,477,2088.41,525.74,295.39,1011.62,139.92,115.74,55,0.3,0.08,0.95,0.0,0
503,22,Female,3886.29,695,2058.44,554.62,362.79,697.83,171.95,271.25,83,0.15,0.2,0.9,0.0,0
504,39,Female,3019.97,670,2041.69,732.63,387.99,1004.74,226.21,-309.88,24,0.24,0.16,0.88,3639.12,1
505,46,Female,4082.35,617,3073.07,998.88,511.61,1009.6,330.6,222.38,80,0.18,0.16,0.88,0.0,0
506,20,Male,4944.44,668,3548.56,1375.17,392.19,1425.87,235.49,119.84,45,0.43,0.11,0.85,3689.02,1
507,29,Female,4356.05,683,1735.64,583.07,290.2,808.7,108.46,-54.8,23,0.47,0.14,0.8,0.0,0
508,43,Female,3961.37,361,2062.19,647.6,337.26,762.93,108.61,205.79,87,0.31,0.08,0.91,3635.83,0
509,33,Male,2890.52,804,1155.36,372.07,208.63,444.77,59.2,70.68,12,0.39,0.11,0.84,0.0,1
510,68,Female,4875.34,538,2107.3,818.63,384.63,686.21,290.77,-72.95,76,0.15,0.12,0.84,3188.41,0
511,54,Female,2742.92,494,1513.47,541.28,282.75,491.25,82.5,115.7,95,0.34,0.23,0.83,0.0,0
512,39,Female,6140.08,521,2051.12,420.09,290.06,869.5,252.54,218.94,28,0.38,0.06,0.84,9054.61,0
513,46,Female,5123.66,360,2096.02,643.12,355.88,911.99,287.57,-102.54,85,0.28,0.21,0.81,3756.12,0
514,31,Female,2813.67,428,2160.03,729.37,273.95,983.82,129.18,43.71,63,0.2,0.11,0.93,0.0,0
515,45,Female,4536.19,455,2418.05,845.69,483.45,994.63,226.4,-132.12,78,0.45,0.07,0.88,0.0,0
516,22,Female,3871.77,677,2023.75,491.02,237.86,868.49,295.93,130.44,19,0.4,0.13,0.91,0.0,0
517,64,Female,5478.76,736,1683.53,628.69,170.06,509.61,224.61,150.57,42,0.46,0.11,0.93,0.0,0
518,66,Female,7010.68,506,2970.42,1161.94,341.24,987.47,293.98,185.79,22,0.43,0.19,0.99,5389.44,0
519,47,Female,2187.24,687,1603.57,396.63,284.77,796.95,202.46,-77.24,60,0.5,0.14,0.81,0.0,0
520,63,Female,5172.54,779,1977.54,744.59,286.11,623.32,263.68,59.84,41,0.18,0.29,0.88,7151.63,0
521,69,Male,4759.8,639,2415.9,530.04,349.7,1052.75,204.87,278.54,84,0.13,0.29,0.85,6875.24,0
522,22,Female,6007.01,639,1845.15,389.59,360.73,618.52,256.87,219.43,33,0.23,0.16,0.9,0.0,0
523,29,Female,5319.79,503,2868.26,647.78,550.6,1271.63,278.36,119.9,44,0.15,0.25,0.98,4106.06,0
524,33,Male,3872.05,460,1202.31,254.35,157.65,530.46,123.57,136.29,92,0.31,0.05,0.94,0.0,0
525,43,Female,4521.42,839,3209.32,1184.25,388.03,1113.12,481.3,42.62,79,0.35,0.19,0.93,0.0,0
526,43,Male,3805.96,691,2711.47,574.32,501.21,959.66,364.23,312.05,49,0.33,0.24,0.89,0.0,0
527,65,Male,6614.01,833,4589.27,1167.2,874.72,1977.77,395.49,174.09,63,0.2,0.1,0.93,4983.35,1
528,38,Female,5031.97,369,2222.53,490.63,342.62,840.15,113.43,435.7,53,0.46,0.07,0.81,0.0,1
529,56,Male,7851.79,704,5642.44,1461.87,919.39,1912.28,635.44,713.47,71,0.11,0.09,0.92,5427.77,0
530,53,Female,4909.01,816,2805.49,611.91,352.63,1252.19,337.76,251.01,77,0.24,0.16,0.91,0.0,0
531,50,Female,3937.39,419,1917.13,639.56,345.24,634.24,220.62,77.47,42,0.39,0.18,0.87,5444.03,0
532,47,Female,2729.43,516,1672.23,379.04,272.93,787.83,245.46,-13.03,86,0.41,0.15,0.84,2175.12,0
533,54,Male,2295.29,355,702.75,260.28,105.66,283.16,95.78,-42.13,65,0.27,0.16,0.96,0.0,0
534,40,Male,2623.8,665,974.69,354.24,103.33,313.01,92.48,111.63,45,0.11,0.17,0.81,2251.85,0
535,27,Female,5400.69,803,3624.66,734.83,694.46,1590.55,204.02,400.79,63,0.35,0.24,0.81,3235.12,0
536,22,Other,5763.09,754,2432.49,922.27,392.96,982.32,237.43,-102.48,28,0.13,0.08,0.89,0.0,0
537,53,Female,2628.21,403,1574.31,323.98,187.77,566.14,187.22,309.2,52,0.14,0.24,0.85,0.0,0
538,51,Male,6342.56,376,3124.03,774.54,501.84,1201.22,346.05,300.39,21,0.36,0.22,0.95,0.0,1
539,69,Female,4275.41,529,3109.94,642.13,521.68,1118.55,322.85,504.73,20,0.22,0.24,0.93,3219.38,0
540,48,Female,5220.19,557,4051.95,1082.55,618.23,1428.74,392.56,529.86,79,0.24,0.23,0.95,7703.03,0
541,27,Female,7418.33,563,5502.79,1666.1,945.43,1830.9,436.79,623.57,21,0.29,0.17,0.86,0.0,1
542,36,Male,6345.26,630,2762.15,992.52,436.82,1029.05,214.72,89.05,50,0.49,0.1,0.95,0.0,1
543,49,Female,4597.2,481,1825.46,488.49,355.56,639.27,182.59,159.56,34,0.49,0.18,0.97,0.0,0
544,18,Female,3663.21,849,1967.94,671.26,207.36,859.37,130.0,99.94,12,0.27,0.29,0.87,4598.02,0
545,22,Other,1772.28,326,538.18,127.82,59.54,235.06,45.24,70.52,12,0.21,0.2,0.87,1266.36,0
546,62,Male,3921.27,575,1226.98,429.59,144.01,491.25,101.1,61.04,93,0.22,0.05,0.98,5793.24,0
547,21,Female,4683.3,598,2700.61,667.59,456.45,1230.37,293.59,52.61,37,0.21,0.06,0.81,0.0,0
548,33,Female,3519.23,390,1971.56,450.91,324.44,923.22,111.72,161.26,32,0.31,0.3,0.87,0.0,1
549,41,Male,4803.11,779,3829.48,907.9,724.56,1592.88,509.19,94.94,57,0.34,0.07,0.82,0.0,0
550,33,Female,5115.28,757,2050.82,484.84,355.38,869.11,217.87,123.61,76,0.3,0.06,0.81,6773.67,1
551,19,Female,4662.72,750,2000.55,605.31,301.75,713.35,234.23,145.9,51,0.26,0.14,0.82,0.0,1
552,66,Male,4025.0,664,1436.0,529.83,286.03,687.81,172.76,-240.42,97,0.18,0.29,0.89,0.0,1
553,45,Male,5252.98,650,3985.81,860.62,504.65,1215.04,315.47,1090.03,49,0.29,0.13,0.94,5597.37,0
554,49,Female,5662.91,699,3901.21,1331.84,715.17,1442.36,378.56,33.28,15,0.24,0.15,0.86,0.0,0
555,44,Male,3364.4,552,2392.66,791.66,341.38,1063.2,348.43,-152.01,29,0.32,0.21,0.97,0.0,0
556,37,Female,7116.4,758,5347.13,2002.52,881.6,1689.79,677.32,95.9,20,0.37,0.06,0.89,9266.82,0
557,41,Male,4852.12,798,2729.07,679.07,471.38,918.7,401.05,258.86,36,0.35,0.27,0.99,0.0,0
558,29,Female,5028.27,807,2642.84,766.48,431.78,1104.33,329.37,10.89,30,0.28,0.18,0.99,0.0,4
559,67,Male,6062.32,603,2820.17,1086.23,321.64,1161.9,190.53,59.86,22,0.32,0.17,0.95,0.0,2
560,52,Female,5349.82,800,3181.04,1056.1,459.01,1424.43,179.58,61.93,95,0.21,0.27,0.99,0.0,0
561,50,Other,6429.7,465,3389.35,941.4,529.23,1567.65,365.26,-14.19,44,0.11,0.29,0.94,0.0,1
562,50,Other,5430.69,714,2855.36,646.12,527.97,930.04,244.94,506.3,56,0.35,0.16,0.98,5318.14,0
563,68,Female,4081.34,761,3136.37,791.92,452.78,952.44,243.21,696.01,95,0.2,0.09,0.85,0.0,0
564,60,Male,5542.26,413,4389.55,1388.17,842.24,1922.31,573.81,-336.97,37,0.37,0.25,0.87,5913.03,0
565,54,Female,3284.41,732,2293.31,788.06,330.32,826.23,198.83,149.87,30,0.4,0.15,0.95,0.0,1
566,29,Male,5162.84,655,3502.36,787.63,542.44,1489.19,286.14,396.96,27,0.47,0.28,0.88,0.0,0
567,20,Male,4950.16,506,3169.48,1013.98,569.33,1046.27,427.88,112.02,40,0.48,0.29,0.97,0.0,0
568,18,Male,4687.82,534,1795.61,556.77,284.26,707.13,241.74,5.72,69,0.1,0.08,0.98,0.0,0
569,50,Female,4807.19,741,1584.22,479.69,310.54,635.09,135.67,23.23,46,0.5,0.29,0.86,0.0,0
570,57,Female,2177.23,654,1405.1,474.96,233.29,585.95,187.23,-76.33,30,0.37,0.14,0.96,0.0,0
571,27,Female,4176.91,814,2775.11,1019.83,422.57,1117.35,374.86,-159.49,23,0.36,0.21,0.83,5895.41,1
572,60,Male,5139.27,507,1662.48,439.89,170.17,663.56,153.6,235.26,98,0.11,0.06,0.87,0.0,0
573,61,Male,5239.78,424,4003.33,1512.47,565.96,1467.41,226.78,230.71,69,0.44,0.27,0.9,4515.64,1
574,46,Other,3458.49,437,1195.15,277.43,155.28,375.56,59.95,326.94,32,0.16,0.21,0.85,0.0,0
575,30,Male,6898.56,638,3055.72,716.89,534.17,971.43,312.69,520.55,38,0.43,0.21,0.92,0.0,0
576,29,Male,3700.74,836,2354.39,596.5,284.48,910.57,198.73,364.12,56,0.11,0.28,0.92,0.0,0
577,48,Male,6454.19,367,2484.45,556.28,299.43,922.13,371.95,334.66,39,0.36,0.18,0.84,0.0,1
578,63,Female,5640.79,840,1848.53,454.86,219.89,745.38,235.21,193.2,99,0.27,0.15,0.96,7602.42,0
579,19,Female,4030.66,682,1876.57,415.25,211.23,677.38,236.69,336.02,93,0.18,0.27,0.93,3533.44,0
580,68,Male,7662.97,318,5233.7,1906.9,686.14,2290.17,761.63,-411.15,47,0.14,0.24,0.86,0.0,0
581,67,Male,3209.54,749,1626.72,370.56,306.79,769.1,225.74,-45.47,92,0.28,0.29,0.85,0.0,0
582,52,Female,6378.73,373,3996.19,1396.51,709.29,1437.72,326.96,125.71,36,0.15,0.29,0.98,4868.38,0
583,40,Female,6500.87,575,3834.28,803.6,665.34,1298.27,255.36,811.7,98,0.29,0.15,0.97,0.0,0
584,34,Male,3994.07,347,1242.59,484.24,223.34,401.65,154.81,-21.45,96,0.35,0.16,0.85,0.0,0
585,43,Female,7088.7,510,5630.34,1926.88,714.73,2383.05,494.5,111.19,24,0.43,0.11,0.81,0.0,2
586,25,Male,4624.93,839,1483.28,298.67,279.96,576.66,144.35,183.64,68,0.37,0.22,0.96,0.0,0
587,46,Male,5433.04,490,4258.97,1502.44,484.37,1437.84,481.43,352.88,12,0.13,0.14,0.92,0.0,0
588,43,Female,5390.48,614,3099.16,938.48,414.16,1334.58,436.32,-24.38,19,0.22,0.25,0.82,5181.71,0
589,27,Male,4798.54,412,3750.44,1334.68,595.1,1236.51,344.7,239.45,88,0.22,0.08,0.92,4666.72,0
590,43,Female,6216.21,469,2221.53,676.45,245.01,912.74,285.09,102.23,89,0.47,0.08,0.89,5226.7,0
591,51,Male,6190.23,767,3374.94,1107.67,583.91,1368.3,259.31,55.75,26,0.45,0.1,0.95,0.0,0
592,68,Male,2377.2,313,914.63,326.77,126.88,408.7,109.57,-57.29,92,0.25,0.07,0.84,2844.76,0
593,58,Other,6956.51,587,2264.26,636.31,404.04,704.23,113.57,406.11,20,0.13,0.21,0.89,7229.2,0
594,24,Male,2506.26,488,1525.72,305.97,227.77,728.65,209.25,54.08,57,0.46,0.09,0.83,2532.62,0
595,21,Female,6548.82,454,2645.01,978.63,312.34,1165.39,140.29,48.37,14,0.46,0.09,0.99,0.0,0
596,67,Male,6690.06,770,3972.88,1097.22,689.2,1363.59,481.81,341.05,78,0.44,0.05,0.96,5834.98,0
597,62,Male,3363.55,374,1198.04,358.46,150.01,403.36,65.44,220.76,73,0.44,0.25,0.95,0.0,0
598,28,Male,4383.78,576,2042.81,411.74,304.54,789.2,156.53,380.8,23,0.29,0.25,0.94,6245.0,0
599,46,Female,3341.44,642,2308.32,688.85,248.27,1069.94,230.19,71.08,59,0.17,0.09,0.88,0.0,0
600,53,Male,4677.62,724,2425.47,963.63,392.41,1136.55,223.13,-290.25,35,0.29,0.23,0.98,0.0,1
601,42,Female,4537.95,810,2785.72,712.18,464.06,1125.69,192.73,291.07,81,0.3,0.16,0.81,0.0,0
602,38,Male,6169.49,481,3848.09,1073.94,530.53,1816.92,320.86,105.84,78,0.3,0.11,0.96,3596.3,0
603,53,Other,6965.46,757,5028.21,1696.71,982.73,1513.94,617.32,217.52,16,0.32,0.21,0.84,0.0,1
604,27,Male,7093.53,363,3280.48,1190.68,614.82,1007.22,383.57,84.19,25,0.2,0.09,0.86,6882.35,0
605,54,Female,4156.75,559,2675.48,758.44,456.96,1290.56,152.99,16.54,64,0.25,0.24,0.9,4282.36,0
606,26,Female,4686.17,492,3659.0,958.41,627.02,1665.09,456.39,-47.92,87,0.27,0.06,0.96,3580.36,0
607,41,Female,2474.84,705,1646.07,637.96,206.15,642.2,91.04,68.72,65,0.15,0.29,0.97,2828.21,1
608,52,Female,3791.19,392,2065.96,692.98,342.29,931.17,215.46,-115.95,13,0.28,0.07,0.92,4562.25,1
609,66,Female,6447.28,729,3967.39,887.92,475.37,1948.5,301.55,354.05,57,0.42,0.19,0.88,5152.12,0
610,52,Female,7423.37,733,4972.48,1063.05,568.85,2259.59,540.85,540.15,26,0.43,0.28,0.99,0.0,2
611,65,Male,3148.48,703,1908.41,566.24,381.58,894.04,145.29,-78.75,45,0.26,0.05,0.85,2221.58,0
612,53,Male,4111.3,733,1267.67,309.33,205.66,573.14,188.24,-8.71,79,0.31,0.17,0.96,4293.23,0
613,35,Female,4960.39,411,1971.19,494.37,282.08,657.67,159.61,377.46,89,0.11,0.14,0.92,0.0,0
614,66,Female,5420.24,674,3822.54,1435.51,492.41,1784.04,283.62,-173.03,47,0.37,0.2,0.88,5620.84,0
615,56,Female,3785.59,358,1651.75,359.94,264.93,559.98,128.58,338.32,71,0.26,0.11,0.8,0.0,0
616,49,Female,5636.09,342,3752.4,1287.35,393.85,1795.61,524.01,-248.42,57,0.28,0.07,0.89,0.0,0
617,41,Male,4289.24,506,2084.83,530.02,228.22,816.69,236.88,273.01,19,0.45,0.21,0.86,0.0,0
618,40,Male,4978.32,595,2792.55,983.16,288.43,1215.86,343.67,-38.58,45,0.28,0.15,0.82,0.0,0
619,49,Female,5819.43,417,1943.61,669.54,291.38,776.37,275.61,-69.29,38,0.11,0.21,0.82,6752.59,0
620,54,Male,5009.63,831,1956.83,394.26,313.21,623.83,276.28,349.25,87,0.19,0.1,0.87,6679.88,0
621,29,Male,4345.42,521,3383.34,1021.18,359.47,1211.72,419.18,371.78,13,0.29,0.13,0.92,5326.85,0
622,66,Female,4835.59,465,3602.84,820.96,620.13,1789.7,251.42,120.64,53,0.27,0.19,0.97,6239.27,0
623,30,Male,4867.46,455,3047.7,1137.54,374.99,1499.9,409.42,-374.15,65,0.44,0.2,0.84,0.0,0
624,40,Female,4444.98,483,2355.05,881.54,396.87,857.47,165.74,53.43,51,0.32,0.14,0.88,0.0,0
625,42,Male,4611.81,389,2941.78,834.49,583.03,1468.71,365.63,-310.09,22,0.38,0.12,0.88,5196.48,0
626,52,Female,7397.97,393,4507.62,1302.16,762.29,2114.57,534.43,-205.82,55,0.29,0.12,0.9,7793.48,0
627,58,Male,5841.38,312,3412.98,889.62,642.73,1440.93,429.66,10.05,91,0.28,0.09,0.96,0.0,0
628,47,Male,4556.78,737,1501.86,515.62,292.59,462.61,155.1,75.94,42,0.28,0.13,0.91,3129.75,0
629,34,Male,6045.43,837,3726.41,1012.59,554.02,1789.76,424.34,-54.29,30,0.26,0.1,0.97,5146.35,2
630,66,Male,4499.27,449,3079.57,780.85,524.24,1267.2,447.56,59.72,89,0.32,0.21,0.9,4826.62,0
631,37,Male,6759.69,307,5387.75,1543.3,997.79,2552.15,323.85,-29.35,88,0.2,0.19,0.92,0.0,0
632,65,Male,5554.46,328,1697.11,370.47,230.23,792.36,137.27,166.78,66,0.46,0.15,0.89,0.0,0
633,42,Female,4839.05,595,3218.39,1124.25,405.97,1501.7,357.68,-171.21,78,0.23,0.13,0.96,4045.62,0
634,39,Male,5671.58,639,3322.95,672.96,646.84,1460.88,486.5,55.76,79,0.16,0.11,0.98,3216.4,0
635,30,Female,2643.69,738,1366.85,449.55,235.96,489.72,81.41,110.21,76,0.14,0.18,0.93,0.0,0
636,36,Female,3309.85,443,1204.07,284.85,146.86,442.17,62.92,267.27,57,0.11,0.28,0.96,2960.14,1
637,66,Female,3209.11,818,1619.13,399.09,234.63,585.63,89.98,309.81,85,0.27,0.22,0.81,4770.3,0
638,53,Male,5214.41,344,2488.26,813.98,447.0,756.45,137.45,333.37,42,0.18,0.24,0.98,0.0,0
639,29,Female,7598.77,538,3430.2,1367.24,530.67,1428.73,482.91,-379.35,45,0.11,0.26,0.84,0.0,0
640,58,Male,8346.95,454,5554.39,1974.83,916.45,2442.64,678.33,-457.86,42,0.31,0.14,0.85,0.0,0
641,36,Male,5957.08,480,3874.26,949.84,679.46,1823.9,456.04,-34.98,40,0.37,0.07,0.81,0.0,0
642,29,Other,5751.27,514,3419.19,804.21,554.6,1121.61,349.64,589.14,30,0.13,0.21,0.99,7600.53,0
643,26,Male,2298.41,387,1768.24,659.99,272.32,722.92,226.68,-113.67,36,0.28,0.1,0.97,0.0,0
644,24,Female,4185.99,555,1988.04,574.22,347.83,599.6,130.35,336.05,81,0.4,0.19,0.98,3417.89,0
645,45,Female,3818.32,810,1610.95,366.35,278.3,513.92,143.69,308.69,71,0.49,0.23,0.97,5598.88,0
646,31,Female,4068.73,372,2554.96,951.58,416.43,794.19,252.94,139.83,35,0.37,0.25,0.9,0.0,0
647,48,Female,4747.78,478,1896.3,688.77,257.86,844.03,115.75,-10.11,75,0.2,0.13,0.98,5899.6,1
648,69,Male,4291.86,511,1963.55,779.1,276.04,620.9,180.55,106.96,21,0.39,0.18,0.99,0.0,0
649,36,Male,2031.05,533,837.4,319.85,165.01,371.21,68.37,-87.03,31,0.34,0.21,0.9,0.0,1
650,64,Female,6121.87,764,2048.23,758.58,227.84,716.73,109.7,235.38,26,0.18,0.25,0.84,3670.35,0
651,33,Male,3390.89,522,2420.24,509.5,307.01,1150.93,154.11,298.7,16,0.44,0.24,0.93,2734.45,0
652,22,Male,5358.87,563,2289.69,505.75,341.71,1059.28,289.42,93.52,77,0.27,0.3,1.0,0.0,0
653,52,Male,8111.12,506,4351.73,1365.56,799.3,2139.16,225.44,-177.72,46,0.48,0.05,0.97,0.0,0
654,29,Male,3620.92,665,1164.7,356.74,135.53,555.27,167.05,-49.9,47,0.39,0.16,0.97,0.0,0
655,42,Male,1204.57,575,782.57,228.19,99.93,380.85,45.89,27.71,20,0.36,0.11,0.99,0.0,1
656,69,Male,4570.99,679,2126.79,594.14,226.67,1003.31,276.32,26.35,10,0.39,0.08,0.98,0.0,0
657,38,Female,6651.44,608,4472.22,1280.14,762.95,1961.86,625.49,-158.22,34,0.29,0.28,0.96,9340.98,0
658,53,Female,7937.52,567,4017.99,1261.08,497.51,1342.22,579.05,338.13,51,0.3,0.3,0.94,0.0,0
659,40,Female,3155.68,363,1255.57,251.64,174.36,444.9,171.7,212.98,61,0.44,0.1,0.85,2261.41,0
660,33,Male,5745.05,649,3197.62,806.25,461.64,1095.33,251.83,582.57,33,0.37,0.06,0.92,0.0,0
661,56,Male,4302.03,793,1571.33,477.14,297.19,661.08,130.91,5.01,62,0.46,0.12,0.9,4867.98,0
662,62,Male,4841.08,822,2518.67,867.54,355.47,1009.29,233.37,53.01,65,0.46,0.26,0.97,2801.57,0
663,59,Female,8966.52,397,4112.52,965.75,470.98,1946.93,262.91,465.95,72,0.49,0.12,0.9,8844.12,1
664,56,Female,2745.54,370,2075.58,642.13,316.38,1018.14,108.4,-9.48,90,0.38,0.06,0.83,0.0,0
665,31,Male,5380.61,663,1778.1,609.7,349.03,677.41,243.44,-101.48,17,0.3,0.06,0.8,3761.56,0
666,48,Female,5701.54,575,3688.95,1065.83,593.07,1480.26,388.86,160.92,68,0.17,0.16,0.94,8213.9,0
667,22,Male,6628.68,349,2594.3,532.91,514.55,1282.37,287.64,-23.17,54,0.38,0.28,0.91,8362.35,0
668,52,Female,5146.97,657,2365.15,685.55,435.45,840.21,337.5,66.43,36,0.22,0.12,0.87,6156.97,0
669,40,Female,5462.08,784,2773.41,719.11,287.32,1271.55,323.14,172.3,61,0.21,0.16,0.83,0.0,0
670,46,Female,4412.53,383,3327.08,1284.02,551.76,1148.0,396.21,-52.91,27,0.2,0.08,0.89,2729.47,0
671,60,Female,5403.69,595,2276.52,512.04,292.93,993.23,292.98,185.34,95,0.45,0.17,0.82,7407.56,0
672,28,Female,4485.21,535,1550.33,512.38,241.79,543.74,95.55,156.87,25,0.45,0.22,0.87,2268.98,1
673,35,Male,5932.36,355,2725.0,573.73,348.62,1299.13,234.39,269.12,75,0.35,0.12,0.88,5268.51,0
674,64,Female,4445.58,659,1566.35,453.04,211.28,645.8,229.97,26.26,14,0.29,0.12,0.89,3456.94,0
675,29,Male,5565.65,409,2027.56,630.16,389.93,683.67,288.51,35.29,91,0.37,0.26,0.89,5957.34,1
676,26,Female,4956.11,491,2908.86,755.11,351.0,1003.19,402.61,396.95,12,0.34,0.05,0.85,3719.6,0
677,27,Female,6689.08,392,2210.41,643.26,414.26,881.45,210.45,61.0,90,0.27,0.21,0.97,5426.21,0
678,61,Female,4922.91,359,1553.01,361.4,160.03,764.58,210.77,56.22,89,0.25,0.15,0.87,0.0,1
679,34,Male,2340.45,338,1538.16,401.19,167.79,698.22,84.35,186.61,79,0.25,0.12,0.85,2581.96,0
680,55,Female,6892.88,839,3314.26,1074.55,614.69,1317.96,214.94,92.13,16,0.34,0.21,0.84,4450.61,1
681,24,Female,3641.4,348,1320.69,343.86,215.35,485.41,120.71,155.37,59,0.36,0.26,0.86,0.0,0
682,63,Female,4019.35,719,1715.48,651.8,299.74,703.1,168.7,-107.84,23,0.28,0.19,0.81,0.0,0
683,30,Male,4106.51,312,2550.32,830.59,308.44,1146.81,194.72,69.76,47,0.49,0.06,0.81,3831.39,0
684,57,Male,7061.66,335,3091.37,889.48,475.17,1412.09,264.77,49.86,88,0.13,0.17,0.92,8096.95,0
685,59,Male,1796.49,400,983.15,204.25,170.79,358.77,65.16,184.17,56,0.24,0.17,0.92,0.0,0
686,26,Male,9706.62,385,3502.61,1050.47,569.99,1555.97,346.46,-20.27,42,0.27,0.19,0.91,8581.69,0
687,67,Female,6584.09,815,3911.25,1380.5,575.62,1687.93,506.06,-238.85,52,0.11,0.22,0.95,8125.75,0
688,44,Male,5334.86,522,2443.57,618.5,478.89,1201.8,283.79,-139.4,38,0.25,0.05,0.81,0.0,0
689,19,Other,4917.66,637,3016.91,1090.17,505.68,1466.87,183.37,-229.19,66,0.21,0.18,0.99,0.0,0
690,22,Male,5428.33,465,3822.62,957.04,729.26,1750.28,377.51,8.52,14,0.3,0.2,0.82,2768.29,0
691,46,Male,5781.68,682,3502.68,1277.6,605.88,1557.57,419.5,-357.87,69,0.23,0.14,0.93,4847.73,0
692,54,Female,5967.82,675,2672.83,580.15,463.86,948.34,275.27,405.21,79,0.39,0.22,0.83,0.0,0
693,55,Female,5833.41,770,2495.95,931.58,269.57,1171.08,222.56,-98.84,11,0.3,0.11,0.98,0.0,0
694,36,Female,5134.37,330,2380.86,713.87,323.67,917.82,267.11,158.38,79,0.15,0.13,0.9,0.0,0
695,25,Female,4703.99,674,1798.38,466.33,334.21,637.43,264.12,96.29,52,0.4,0.29,0.82,5328.05,0
696,65,Female,4773.09,310,1864.3,471.71,229.79,702.53,110.91,349.36,13,0.14,0.14,0.92,0.0,0
697,62,Male,4707.64,601,3273.43,937.52,365.15,1529.31,291.34,150.12,65,0.44,0.14,0.8,3637.26,0
698,18,Other,6700.66,395,3299.18,1319.04,437.51,1087.83,299.11,155.7,68,0.47,0.2,0.96,0.0,0
699,39,Other,5890.34,489,3051.18,744.69,372.38,1193.72,328.6,411.79,98,0.23,0.29,0.93,4804.0,0
700,69,Female,1000.0,752,597.02,131.73,114.94,237.9,38.94,73.52,18,0.47,0.3,0.84,0.0,0
701,34,Male,5983.85,491,3559.35,1128.34,664.88,1093.88,240.84,431.42,12,0.42,0.19,0.87,5573.55,1
702,24,Female,5292.1,785,1765.91,525.73,264.83,598.91,138.69,237.76,99,0.47,0.05,0.8,7249.12,0
703,42,Male,4971.94,565,3558.77,1084.85,377.71,1656.07,518.11,-77.97,57,0.37,0.28,0.94,0.0,0
704,62,Male,4417.22,723,1716.81,572.36,294.36,800.3,211.87,-162.08,52,0.19,0.19,0.86,0.0,0
705,21,Male,6686.17,427,4423.14,1120.95,718.06,1585.62,513.83,484.68,10,0.46,0.14,0.91,3656.65,0
706,53,Male,6421.29,537,4407.16,1684.12,868.45,2093.31,580.4,-819.13,66,0.17,0.26,0.99,0.0,0
707,23,Female,3840.68,654,2525.06,725.03,393.64,1147.28,158.47,100.64,62,0.19,0.15,0.86,2414.8,0
708,48,Female,5610.58,411,3307.37,746.86,442.0,1268.65,449.58,400.29,25,0.21,0.06,1.0,0.0,0
709,36,Female,3542.51,745,1088.63,379.34,165.37,489.54,119.19,-64.8,60,0.22,0.26,0.93,0.0,0
710,61,Male,2930.57,642,1407.23,462.44,278.53,692.73,117.55,-144.03,84,0.31,0.19,0.85,2035.68,0
711,56,Male,4059.92,444,2445.78,643.6,414.89,958.24,321.83,107.21,99,0.39,0.13,0.89,2777.79,0
712,44,Male,6293.59,364,3107.31,1007.71,519.53,1080.37,404.75,94.95,64,0.47,0.11,0.95,4958.21,0
713,27,Other,6429.69,546,4704.86,1147.86,583.72,2297.68,633.14,42.46,10,0.14,0.2,0.89,0.0,0
714,43,Male,5769.63,789,2621.73,757.59,457.12,1103.09,161.37,142.55,99,0.48,0.1,0.81,0.0,0
715,36,Female,6087.64,738,2719.76,1033.19,476.03,873.19,399.63,-62.28,37,0.47,0.13,0.83,4180.86,0
716,56,Female,5774.27,405,2500.25,566.82,329.36,1036.45,364.94,202.68,62,0.12,0.21,0.96,0.0,0
717,20,Male,4037.78,480,1883.18,522.28,279.41,753.49,161.48,166.52,67,0.24,0.27,0.93,0.0,0
718,62,Female,5647.88,483,3268.44,1190.46,423.13,1539.82,184.96,-69.93,82,0.43,0.18,0.91,0.0,0
719,30,Female,6200.61,525,4052.15,1596.13,510.05,1645.74,270.3,29.93,69,0.34,0.24,0.83,0.0,0
720,67,Female,6131.44,388,3870.68,1125.54,397.09,1358.79,577.83,411.44,68,0.41,0.24,0.97,9009.36,0
721,45,Female,6783.37,829,4774.54,1439.04,613.63,2077.54,507.54,136.78,31,0.39,0.22,0.99,4325.34,0
722,37,Male,6062.46,670,4504.14,1416.26,699.93,1840.01,385.83,162.11,17,0.3,0.11,0.81,5569.01,1
723,45,Male,5527.17,698,3913.46,1512.43,391.97,1356.44,308.46,344.15,58,0.12,0.27,0.82,7462.75,0
724,25,Female,6605.23,405,2044.14,759.69,262.31,847.76,154.74,19.65,51,0.33,0.16,0.98,9460.7,1
725,58,Female,4960.22,570,3313.22,775.69,623.35,1538.35,385.71,-9.89,36,0.12,0.06,0.96,5462.37,1
726,56,Male,3677.19,802,1486.32,427.1,236.87,454.39,136.65,231.32,48,0.34,0.11,0.92,2365.98,0
727,18,Female,4755.4,824,1742.68,510.26,280.2,742.68,255.37,-45.83,92,0.42,0.24,0.99,0.0,0
728,20,Female,3882.65,331,2404.31,860.31,337.41,889.39,284.63,32.56,34,0.33,0.07,0.93,0.0,2
729,30,Female,3987.23,692,1833.62,587.82,307.4,657.41,236.91,44.07,47,0.5,0.09,0.84,3400.62,0
730,45,Male,4783.22,339,1571.57,519.94,187.01,594.87,124.58,145.17,94,0.28,0.22,0.95,0.0,0
731,66,Female,3811.37,517,1405.69,561.77,255.66,517.86,81.42,-11.02,33,0.4,0.27,0.93,0.0,0
732,42,Female,4538.06,381,1363.53,293.15,152.26,636.01,134.69,147.41,33,0.37,0.21,1.0,5854.85,1
733,50,Male,2159.58,500,1623.16,397.03,268.8,576.16,132.22,248.96,69,0.5,0.11,0.84,2812.08,0
734,55,Male,5319.94,746,1661.47,467.83,222.83,742.06,116.65,112.09,92,0.39,0.06,0.92,6488.49,2
735,23,Other,5001.81,727,2024.37,545.68,353.76,645.39,294.07,185.46,59,0.17,0.2,0.96,0.0,0
736,61,Male,3774.37,337,1917.87,391.88,297.23,940.29,181.05,107.43,75,0.48,0.06,0.87,4019.12,1
737,62,Female,5988.87,510,2864.39,625.46,416.01,1215.83,193.26,413.83,23,0.37,0.2,0.88,7471.07,0
738,49,Female,6406.36,743,4842.33,1627.94,566.27,2137.13,338.31,172.67,62,0.12,0.11,0.98,6051.6,0
739,62,Male,2588.66,626,828.75,311.5,135.65,298.02,64.7,18.87,41,0.36,0.28,0.88,0.0,1
740,64,Female,3855.91,526,2144.3,649.39,423.45,820.02,321.5,-70.06,57,0.45,0.17,0.92,0.0,0
741,38,Male,3846.29,347,2462.55,758.07,449.56,848.98,189.13,216.81,48,0.33,0.11,0.98,0.0,0
742,33,Female,3590.15,317,2749.51,690.18,291.45,1337.66,227.88,202.34,49,0.24,0.26,0.84,0.0,1
743,38,Male,6244.21,738,3810.13,1347.17,524.36,1514.99,441.72,-18.11,51,0.43,0.11,1.0,0.0,0
744,28,Female,4709.26,486,3305.32,1158.05,636.47,1408.36,262.43,-159.99,86,0.41,0.13,0.94,0.0,0
745,54,Male,4603.23,644,1573.67,499.91,236.53,703.2,112.64,21.38,85,0.32,0.26,0.9,4048.29,1
746,53,Male,1994.21,523,983.08,238.43,163.4,367.89,64.75,148.61,17,0.16,0.13,0.89,2668.51,0
747,52,Other,5953.13,787,2899.02,636.05,554.47,1287.22,235.6,185.68,88,0.2,0.15,0.99,4840.85,1
748,36,Male,3141.11,528,2334.3,496.85,437.4,1015.88,141.44,242.73,35,0.4,0.14,0.84,0.0,0
749,37,Female,5089.9,689,1912.2,609.11,287.18,843.53,99.18,73.2,21,0.42,0.08,0.86,0.0,1
750,35,Male,5416.07,487,2036.13,743.2,292.72,810.07,265.64,-75.5,52,0.21,0.06,0.86,0.0,0
751,64,Female,7040.99,569,3268.98,1214.97,437.94,1231.06,208.53,176.48,60,0.25,0.23,0.86,0.0,0
752,58,Male,3036.77,609,993.73,290.89,170.82,342.26,126.8,62.96,91,0.13,0.21,0.89,0.0,0
753,66,Other,1000.0,431,391.23,139.61,50.35,181.89,50.76,-31.39,72,0.39,0.12,1.0,0.0,0
754,31,Male,5275.77,850,4128.85,1607.67,516.06,1741.01,428.54,-164.44,58,0.1,0.12,0.98,6352.25,0
755,32,Male,7700.77,371,3958.9,1009.65,536.93,1539.5,320.55,552.28,36,0.12,0.29,0.87,5214.91,1
756,48,Male,6858.42,486,4224.85,1181.24,497.36,2065.1,272.52,208.64,18,0.1,0.3,0.88,6613.37,0
757,18,Male,5314.49,785,3523.8,1361.23,597.33,1090.86,435.83,38.56,48,0.36,0.17,0.93,2763.72,0
758,20,Female,4262.55,490,2060.86,551.58,333.08,968.67,226.98,-19.46,74,0.27,0.25,0.8,2732.2,0
759,33,Male,6210.68,721,2320.4,888.19,344.09,1159.08,268.11,-339.07,80,0.22,0.23,0.96,7321.44,0
760,40,Female,3539.68,419,1427.52,565.6,198.47,681.48,72.61,-90.64,99,0.47,0.12,0.98,4415.62,0
761,28,Male,5714.54,519,2609.45,867.28,498.16,1205.79,372.5,-334.29,80,0.18,0.06,0.97,3516.26,0
762,29,Male,5758.21,352,3558.77,1293.18,366.24,1334.04,201.53,363.77,16,0.26,0.09,0.88,4190.3,0
763,27,Female,6590.31,750,3289.49,1151.02,581.95,1139.03,285.14,132.36,81,0.48,0.26,0.89,0.0,0
764,49,Female,9139.49,711,2772.99,942.56,527.4,1239.44,250.32,-186.73,89,0.27,0.23,0.8,8530.92,0
765,33,Male,5588.62,536,3139.15,820.53,454.03,1132.97,157.38,574.24,76,0.32,0.22,0.88,3499.13,0
766,25,Male,4236.55,705,3222.99,681.4,499.79,1080.37,321.36,640.07,19,0.13,0.08,0.89,3970.91,0
767,55,Male,4961.64,721,3503.11,940.97,681.17,1601.99,438.87,-159.89,80,0.42,0.21,0.98,0.0,1
768,29,Female,2346.39,546,1672.05,557.44,202.7,606.13,221.26,84.52,94,0.27,0.24,0.98,0.0,0
769,41,Female,3957.93,371,2760.77,608.77,419.67,1333.14,380.82,18.37,62,0.42,0.27,0.99,3089.01,0
770,45,Male,4386.08,484,2025.78,409.98,298.75,948.32,200.09,168.64,96,0.2,0.05,0.98,5148.21,0
771,25,Female,4213.87,305,2876.37,655.64,361.96,1350.54,325.21,183.03,66,0.27,0.22,0.8,0.0,0
772,45,Female,5228.53,505,1942.82,666.67,353.32,882.65,112.59,-72.41,95,0.41,0.05,0.93,4431.31,0
773,53,Female,3766.37,843,2368.51,934.52,449.92,1127.83,234.02,-377.78,36,0.49,0.23,0.81,3122.77,0
774,43,Female,6681.55,686,4147.8,1645.07,739.11,1912.75,271.6,-420.74,63,0.12,0.21,0.85,0.0,0
775,25,Male,5000.31,375,1564.02,467.32,186.96,657.67,136.01,116.05,13,0.42,0.09,0.92,3727.74,0
776,67,Male,4986.05,476,3460.24,1293.68,376.04,1242.8,286.96,260.76,97,0.22,0.24,0.94,0.0,0
777,45,Male,4508.16,648,3388.44,1177.03,544.0,1618.46,312.94,-263.98,32,0.32,0.07,0.93,6006.05,1
778,45,Male,5232.79,554,2269.5,681.32,239.91,1062.4,243.21,42.66,57,0.22,0.26,0.81,5019.91,0
779,54,Female,6237.65,607,4405.0,1385.6,736.88,1738.11,617.97,-73.56,92,0.35,0.12,0.82,7357.35,0
780,58,Female,3699.3,644,1262.21,287.08,193.17,388.53,112.9,280.52,51,0.24,0.22,0.83,4261.18,1
781,53,Male,4012.83,426,2407.63,933.03,400.34,1029.76,356.6,-312.11,12,0.23,0.28,0.82,0.0,0
782,44,Male,4544.41,586,2466.81,666.99,392.27,765.01,310.58,331.97,12,0.12,0.13,0.84,3105.72,0
783,34,Male,2981.19,786,1708.11,494.04,243.01,828.87,172.77,-30.58,37,0.16,0.18,0.94,4154.38,0
784,26,Female,3771.11,682,2877.75,962.12,345.58,1416.79,329.22,-175.97,72,0.47,0.17,0.97,5426.23,0
785,50,Male,4285.67,705,3152.78,841.1,411.66,1065.32,189.87,644.84,90,0.5,0.09,0.88,0.0,1
786,37,Female,6311.58,687,4371.04,1096.48,666.36,1902.62,587.7,117.88,40,0.41,0.2,0.94,0.0,0
787,30,Male,5393.84,824,2356.3,768.65,389.23,750.37,255.04,193.01,19,0.21,0.24,0.84,0.0,0
788,45,Male,5290.38,575,3999.05,819.79,711.62,1783.19,594.29,90.16,58,0.26,0.28,0.99,3955.68,0
789,65,Other,6276.35,799,2188.9,753.3,386.82,808.71,248.75,-8.67,95,0.4,0.26,0.87,0.0,0
790,46,Other,4793.94,636,3483.59,1054.85,687.2,1519.58,464.75,-242.79,30,0.49,0.18,0.97,2662.28,0
791,30,Male,5585.7,780,2592.21,832.49,333.32,970.98,336.93,118.5,62,0.28,0.23,0.99,7316.55,0
792,63,Female,4845.17,572,1583.82,516.92,169.64,521.26,133.91,242.09,96,0.43,0.25,0.97,7191.08,0
793,52,Female,5398.04,357,3426.02,1046.34,461.03,1306.07,260.24,352.34,85,0.49,0.17,0.81,7147.17,0
794,23,Female,4125.86,627,1714.87,542.77,298.95,553.11,159.57,160.48,98,0.45,0.08,0.93,4352.68,1
795,35,Male,1341.77,408,565.94,190.58,81.39,235.08,54.74,4.15,63,0.19,0.16,0.82,1067.09,0
796,68,Female,4798.58,578,2173.87,762.21,395.16,669.97,160.88,185.65,66,0.1,0.26,0.8,0.0,0
797,22,Female,7134.12,627,2367.4,817.92,366.79,959.9,330.16,-107.35,29,0.3,0.2,0.81,6164.33,1
798,64,Female,6389.32,614,2482.66,928.32,479.1,1184.91,258.83,-368.5,58,0.31,0.23,0.98,7456.15,0
799,42,Male,6448.1,773,1951.0,464.12,380.03,912.24,288.44,-93.83,16,0.18,0.1,0.98,6106.74,0
800,19,Male,6854.2,410,3582.72,1003.98,383.1,1707.37,469.34,18.92,38,0.21,0.29,0.85,9829.33,0
801,27,Male,5132.99,528,1756.14,684.12,255.77,850.69,185.4,-219.83,57,0.41,0.15,0.91,0.0,2
802,47,Female,5295.97,796,3396.45,948.69,546.72,1089.94,491.48,319.62,22,0.29,0.21,0.99,0.0,0
803,67,Male,4073.52,455,1701.96,382.9,213.74,554.41,171.03,379.88,12,0.23,0.05,0.9,2572.53,0
804,62,Female,4525.89,772,3493.02,1065.68,491.5,1437.03,484.52,14.29,11,0.35,0.08,0.88,0.0,0
805,22,Other,5923.66,571,4357.59,966.94,731.07,2086.39,373.94,199.25,25,0.36,0.25,0.9,4328.82,0
806,50,Male,6805.83,301,3026.69,728.13,371.29,1497.82,265.94,163.51,15,0.41,0.29,0.96,0.0,0
807,18,Female,4790.83,810,3313.38,1324.24,530.8,1024.67,304.21,129.46,54,0.16,0.13,0.9,0.0,0
808,35,Male,4324.72,585,3034.32,935.4,515.06,1126.2,317.58,140.08,80,0.4,0.06,0.96,0.0,2
809,49,Female,5000.79,312,3967.04,1018.78,432.6,1359.02,417.92,738.71,14,0.34,0.14,0.89,4894.21,0
810,64,Male,5901.81,797,3534.71,1410.19,529.33,1594.84,352.2,-351.85,65,0.12,0.05,0.85,5347.49,0
811,66,Female,2834.22,537,966.42,380.1,122.07,413.67,77.89,-27.31,80,0.41,0.1,0.87,3891.83,0
812,28,Female,1555.73,393,969.87,279.47,167.24,314.22,138.42,70.52,41,0.25,0.24,0.82,827.9,0
813,38,Female,4174.19,637,2556.65,644.48,304.13,1014.24,278.31,315.49,58,0.23,0.28,0.9,0.0,0
814,43,Female,3168.93,470,1962.12,721.43,371.28,857.62,178.11,-166.32,22,0.28,0.07,0.83,0.0,1
815,42,Female,4237.79,766,1922.15,659.53,275.05,876.12,221.27,-109.83,39,0.24,0.19,0.96,5244.43,0
816,39,Female,4778.33,442,3487.42,1176.61,417.79,1060.21,442.19,390.61,34,0.24,0.11,0.88,2401.62,0
817,44,Female,4320.13,500,3368.56,1275.41,484.41,1610.49,492.05,-493.8,94,0.42,0.08,0.95,0.0,0
818,66,Female,7178.7,479,2935.06,991.71,413.47,1214.69,293.37,21.81,69,0.15,0.1,0.99,7813.92,0
819,30,Male,5490.12,663,1889.02,485.02,269.93,873.45,115.63,145.0,68,0.49,0.19,0.97,5694.38,0
820,50,Female,5450.71,778,2165.39,733.58,343.34,999.52,203.71,-114.75,94,0.32,0.07,0.99,0.0,1
821,51,Female,5933.31,770,4214.29,1100.62,641.07,1424.31,412.57,635.74,37,0.17,0.16,0.91,0.0,0
822,58,Female,3291.75,683,2101.2,739.3,241.59,676.66,293.54,150.11,67,0.15,0.08,0.83,4467.23,0
823,52,Male,6558.67,716,4053.41,1313.1,431.92,1800.76,362.7,144.93,29,0.34,0.12,0.99,0.0,0
824,18,Female,4886.35,607,2447.56,527.41,423.28,810.84,355.71,330.32,43,0.35,0.1,0.97,0.0,0
825,38,Male,6005.72,666,3536.85,1070.14,551.65,1662.28,348.43,-95.63,14,0.12,0.27,0.97,4079.76,0
826,65,Female,3392.21,300,1539.85,413.7,209.27,685.6,226.94,4.35,91,0.2,0.23,0.94,0.0,0
827,23,Male,2669.36,343,1437.72,382.02,259.99,673.38,73.06,49.26,69,0.42,0.27,0.92,0.0,0
828,45,Female,6226.83,397,4337.19,1389.86,602.03,1560.53,606.69,178.08,52,0.12,0.15,0.8,0.0,0
829,34,Other,5564.61,564,4399.5,1163.51,790.13,1598.42,629.62,217.81,66,0.44,0.13,0.95,5730.92,0
830,22,Male,3646.92,439,2794.43,993.08,364.88,1213.47,408.27,-185.27,66,0.36,0.15,0.82,4224.34,1
831,48,Other,3695.51,780,2834.2,606.97,304.07,868.09,145.42,909.67,84,0.27,0.05,0.85,0.0,0
832,22,Male,6688.15,536,3351.51,1112.96,647.73,1492.43,225.12,-126.72,63,0.24,0.23,0.91,0.0,0
833,55,Female,3215.88,371,1718.55,621.84,239.66,802.83,198.28,-144.06,90,0.11,0.14,0.89,2767.54,1
834,20,Female,7464.01,489,4872.64,1630.22,873.51,1866.38,256.04,246.48,54,0.43,0.13,0.8,10244.02,0
835,40,Female,3649.07,567,2777.29,831.65,355.26,1258.05,156.53,175.81,95,0.16,0.2,0.96,5023.6,0
836,54,Female,5957.59,620,2210.25,862.13,363.89,740.26,159.38,84.59,46,0.22,0.16,0.98,0.0,1
837,54,Female,4507.07,406,2037.74,529.79,381.73,742.66,206.31,177.25,93,0.33,0.3,0.94,5208.93,0
838,27,Male,5904.78,531,2182.55,444.88,227.34,1080.06,228.27,202.0,57,0.2,0.14,0.91,7284.66,1
839,27,Male,4183.83,341,2535.42,726.14,464.14,1260.78,135.46,-51.1,63,0.3,0.2,0.99,3623.14,0
840,36,Female,4755.81,438,2155.1,445.25,338.64,867.47,144.47,359.27,57,0.42,0.13,0.82,4301.72,0
841,34,Female,5061.38,572,2343.69,915.88,376.74,1141.04,234.3,-324.27,15,0.29,0.3,0.95,0.0,0
842,38,Female,3496.72,780,1173.0,283.85,178.67,474.53,128.32,107.64,43,0.48,0.16,0.83,5028.38,0
843,31,Female,6111.24,715,2902.21,1038.37,544.01,1039.91,188.18,91.74,72,0.44,0.21,0.88,0.0,1
844,26,Male,4230.18,805,3093.31,1097.86,322.77,1093.11,278.04,301.53,87,0.23,0.08,0.92,0.0,0
845,63,Female,4657.1,723,1939.85,472.44,244.62,942.58,272.43,7.78,57,0.26,0.23,0.95,5916.44,2
846,18,Male,3508.48,706,2272.07,736.71,426.19,759.98,340.56,8.63,32,0.27,0.12,0.8,3055.5,0
847,68,Female,1156.5,689,711.03,149.04,124.6,295.74,105.75,35.91,93,0.35,0.16,0.85,0.0,0
848,62,Male,4713.46,641,3449.04,1023.38,350.99,1417.92,476.54,180.21,22,0.21,0.27,0.91,4292.43,0
849,30,Male,8618.92,792,3155.77,640.4,478.73,1413.54,282.33,340.76,56,0.49,0.29,0.91,0.0,0
850,21,Male,6176.91,491,4872.31,1872.08,745.26,1948.19,578.14,-271.35,53,0.34,0.16,0.93,6854.66,0
851,18,Male,4971.11,798,2939.49,1161.74,411.79,1041.92,269.43,54.61,41,0.26,0.26,0.86,5900.1,0
852,66,Female,4605.66,532,3674.11,898.16,476.68,1226.71,421.98,650.58,35,0.36,0.06,0.91,0.0,0
853,57,Male,5033.7,526,3804.25,919.19,639.77,1613.63,307.93,323.74,62,0.26,0.26,0.84,0.0,0
854,49,Male,5820.68,670,2390.89,838.59,288.77,1061.07,264.48,-62.02,23,0.43,0.21,0.84,0.0,0
855,51,Male,3228.78,438,1059.3,265.54,190.56,438.45,108.45,56.3,61,0.33,0.17,0.92,0.0,0
856,45,Male,6671.48,448,2854.19,1081.78,514.62,1277.74,149.7,-169.65,45,0.12,0.27,0.94,0.0,0
857,48,Male,6073.07,414,3423.89,1077.79,484.57,1124.08,441.92,295.53,17,0.17,0.26,0.82,5189.71,0
858,25,Male,6077.28,749,2344.6,633.41,300.94,1117.19,120.02,173.05,49,0.45,0.12,0.82,0.0,0
859,56,Female,5657.71,362,2171.03,795.77,278.73,904.19,172.2,20.14,95,0.33,0.25,0.91,6434.4,0
860,43,Female,5029.42,403,2672.12,798.11,396.09,869.42,135.19,473.31,31,0.48,0.07,0.85,0.0,0
861,51,Female,6009.29,572,1902.75,727.47,327.19,746.61,166.72,-65.24,25,0.13,0.26,0.88,7209.76,0
862,20,Male,5887.72,305,2125.14,819.46,288.78,996.6,119.68,-99.38,69,0.22,0.22,0.88,0.0,0
863,67,Male,4468.94,446,2269.91,529.08,365.47,1088.45,320.85,-33.94,69,0.18,0.07,0.84,0.0,0
864,29,Female,4139.6,483,1372.55,275.15,189.75,484.41,125.68,297.55,19,0.32,0.22,0.8,5076.33,0
865,18,Female,5152.78,327,2568.03,1018.96,335.01,1135.72,246.4,-168.06,34,0.25,0.2,0.97,0.0,0
866,61,Male,7323.53,849,3932.76,1499.28,403.05,1258.47,334.23,437.73,40,0.16,0.2,0.94,8804.45,0
867,22,Male,3141.34,418,1651.19,348.55,165.77,506.44,186.17,444.27,30,0.36,0.12,0.94,3068.59,0
868,47,Male,2798.71,592,2055.9,753.71,252.3,847.19,264.06,-61.36,90,0.31,0.12,0.91,2273.21,0
869,47,Male,5247.14,670,2964.8,864.42,416.97,1301.44,340.4,41.56,42,0.21,0.24,0.94,0.0,1
870,34,Male,5076.33,543,2710.71,682.54,501.82,1244.64,338.35,-56.64,40,0.29,0.11,0.99,0.0,0
871,65,Female,5260.01,517,2658.17,998.81,478.07,978.32,373.73,-170.76,99,0.4,0.16,0.93,0.0,0
872,64,Female,5365.93,476,3803.43,910.29,481.96,1145.99,518.62,746.58,30,0.18,0.22,0.85,6517.87,2
873,40,Female,4665.2,598,3487.37,1358.19,434.02,1380.66,409.44,-94.94,45,0.22,0.07,0.91,0.0,0
874,32,Female,7234.8,357,5256.96,1267.58,645.2,1593.76,375.68,1374.74,74,0.24,0.2,0.89,0.0,0
875,54,Female,2598.64,568,1654.75,534.05,221.61,526.87,188.26,183.96,13,0.4,0.2,0.91,0.0,0
876,38,Female,3757.25,607,1385.23,338.85,207.53,506.08,139.37,193.4,77,0.44,0.22,0.9,0.0,0
877,31,Female,4845.12,587,2124.27,656.68,305.61,823.01,258.57,80.39,99,0.25,0.14,0.97,0.0,0
878,19,Male,2535.22,404,818.95,275.82,99.77,291.46,109.16,42.74,13,0.22,0.16,0.93,0.0,1
879,28,Male,4736.22,527,3625.16,862.95,409.81,1509.42,450.51,392.47,18,0.46,0.13,0.84,0.0,1
880,68,Male,7492.21,546,4723.08,1436.65,478.25,1469.21,635.99,702.98,39,0.5,0.25,0.81,0.0,0
881,56,Female,5031.33,793,3387.0,995.14,390.85,1114.04,190.98,695.99,54,0.37,0.08,0.88,0.0,0
882,55,Female,5346.05,382,2436.65,521.95,415.54,1069.82,129.54,299.81,13,0.5,0.29,0.8,4924.09,0
883,51,Male,3109.75,485,2247.81,817.44,279.55,738.24,170.5,242.08,78,0.36,0.21,0.86,0.0,0
884,55,Female,4075.46,551,1751.64,467.93,257.25,749.62,245.35,31.5,32,0.39,0.27,0.87,0.0,0
885,67,Male,4437.21,654,1334.81,420.35,212.41,415.04,176.68,110.32,25,0.26,0.16,0.88,0.0,1
886,51,Female,4523.43,509,2208.37,669.04,416.68,842.44,261.19,19.01,31,0.27,0.13,1.0,0.0,0
887,35,Male,6922.47,746,4052.28,1226.43,765.42,1359.47,486.58,214.38,81,0.16,0.28,0.86,0.0,0
888,47,Male,5836.54,759,3147.95,697.1,549.55,1013.41,386.15,501.74,57,0.43,0.07,0.85,5217.47,1
889,32,Female,3332.81,771,2436.41,693.64,252.21,1007.23,351.48,131.86,71,0.47,0.08,0.83,4097.73,0
890,44,Male,5369.76,669,1893.93,550.14,298.31,919.82,252.31,-126.64,69,0.35,0.12,0.9,0.0,0
891,68,Male,5747.33,791,3315.7,1149.65,592.38,1031.04,372.48,170.15,89,0.24,0.29,0.83,5040.61,0
892,51,Male,6710.22,436,3734.17,1374.19,379.87,1435.08,435.3,109.73,14,0.16,0.21,0.92,0.0,1
893,69,Female,7370.81,666,3248.29,1003.71,503.38,1434.14,231.84,75.21,89,0.21,0.19,0.83,0.0,0
894,55,Female,3477.36,483,2472.8,537.48,459.39,970.67,286.18,219.08,16,0.2,0.23,0.92,3915.11,0
895,50,Male,3783.71,586,2559.4,633.12,377.28,1180.65,236.66,131.69,60,0.35,0.15,0.97,4986.27,0
896,41,Female,3113.63,771,2075.02,483.45,208.35,697.06,135.49,550.66,74,0.48,0.24,0.81,2975.42,0
897,32,Female,4648.97,674,3431.39,771.8,346.92,1687.96,448.28,176.43,18,0.12,0.15,0.88,0.0,0
898,47,Male,5699.54,836,3769.63,1029.79,534.02,1421.27,380.83,403.72,91,0.1,0.26,0.89,0.0,0
899,59,Male,6481.0,810,2695.58,662.79,311.34,992.82,398.25,330.38,54,0.34,0.12,0.96,3263.92,0
900,68,Male,4886.07,549,3189.54,777.16,530.88,1514.78,249.32,117.39,56,0.21,0.12,0.89,3682.61,0
901,34,Male,4520.23,809,2051.51,432.74,350.56,846.81,201.19,220.21,76,0.45,0.18,0.91,0.0,0
902,22,Female,5227.64,372,2201.29,448.04,259.29,887.76,208.68,397.53,33,0.23,0.16,0.96,5848.09,0
903,46,Male,3747.29,581,1260.97,278.11,238.14,561.63,78.28,104.81,19,0.22,0.21,0.91,2119.43,0
904,21,Female,8134.31,659,5466.37,1281.53,788.2,2273.83,506.25,616.56,82,0.21,0.14,0.87,0.0,1
905,27,Female,2588.51,309,1696.77,485.61,193.91,564.18,133.63,319.43,86,0.16,0.11,0.82,2701.2,0
906,34,Male,5277.11,510,2201.87,665.19,388.47,957.46,145.39,45.36,57,0.33,0.17,0.95,5413.15,0
907,27,Female,8035.41,451,5421.41,1236.72,970.42,1771.14,424.04,1019.09,44,0.17,0.19,0.97,0.0,1
908,34,Male,5010.2,304,3802.34,1083.5,623.32,1753.53,278.81,63.18,63,0.27,0.09,0.99,5485.28,0
909,37,Other,4714.94,494,1669.16,447.92,309.37,831.15,205.99,-125.27,96,0.28,0.19,0.99,0.0,0
910,41,Female,4463.83,582,1858.37,439.85,322.87,697.78,98.64,299.24,90,0.11,0.13,0.96,0.0,0
911,22,Female,4729.41,763,3192.97,642.96,600.98,1241.91,356.8,350.31,80,0.11,0.15,0.93,5835.48,0
912,51,Female,7059.27,412,3086.69,905.65,442.6,954.67,389.13,394.65,25,0.31,0.12,0.96,5801.96,0
913,23,Male,1682.21,570,1030.07,347.27,180.01,311.85,101.02,89.92,62,0.38,0.28,0.89,1424.77,0
914,19,Female,7300.15,462,2486.3,609.78,497.2,1204.08,355.93,-180.68,49,0.48,0.22,0.92,5171.32,1
915,30,Female,2864.06,759,1506.79,341.08,259.91,490.8,182.0,233.0,29,0.17,0.12,0.87,2708.32,0
916,60,Female,4600.02,404,3079.92,1162.39,343.16,1198.57,384.35,-8.55,97,0.14,0.21,0.87,2539.18,0
917,60,Female,4356.13,581,2802.11,714.55,425.45,1297.58,195.29,169.24,78,0.12,0.26,0.95,0.0,0
918,65,Female,5882.83,461,4162.31,1018.61,660.7,1989.02,531.65,-37.67,54,0.27,0.15,0.89,6042.4,1
919,28,Male,2602.81,650,1922.77,714.15,225.77,776.57,256.13,-49.86,15,0.35,0.26,0.84,2513.36,0
920,68,Male,5693.26,733,3908.94,1420.59,767.28,1614.42,336.66,-230.02,78,0.44,0.09,0.84,0.0,0
921,64,Female,8036.46,439,5109.53,1480.08,600.67,2217.22,364.5,447.08,58,0.37,0.26,0.97,7142.53,0
922,40,Male,2955.24,770,933.45,278.02,109.92,459.51,82.61,3.37,48,0.18,0.19,0.94,2621.29,0
923,33,Female,5284.56,431,2998.9,730.38,574.34,1261.14,371.75,61.29,11,0.28,0.11,0.91,5303.49,1
924,48,Female,4007.03,386,1277.64,275.54,187.2,526.25,117.24,171.41,48,0.46,0.15,0.88,0.0,0
925,28,Male,5638.83,482,3969.93,1249.28,422.08,1202.52,490.94,605.11,30,0.23,0.3,0.89,7760.75,1
926,33,Male,5028.72,667,2315.03,508.54,369.99,731.99,142.04,562.47,49,0.3,0.25,0.81,0.0,0
927,25,Female,4037.77,428,2346.81,680.23,375.92,974.95,306.5,9.22,91,0.48,0.19,0.89,0.0,0
928,21,Male,5731.81,545,2520.41,978.17,268.3,1228.06,189.84,-143.96,63,0.39,0.08,0.96,7413.76,0
929,57,Female,7706.52,677,5327.13,2080.6,1050.79,2521.54,398.96,-724.76,21,0.4,0.15,0.88,4117.84,1
930,21,Male,4713.64,448,3503.42,868.38,540.94,1739.5,382.01,-27.41,90,0.2,0.12,0.88,0.0,0
931,42,Female,6079.64,732,3035.69,986.06,473.51,1231.18,173.07,171.88,46,0.27,0.07,0.8,0.0,0
932,20,Male,3060.09,768,2238.34,659.9,340.25,1024.23,117.8,96.15,47,0.13,0.19,0.89,3303.79,0
933,49,Female,3565.35,745,1545.71,579.85,248.97,723.52,117.63,-124.26,24,0.34,0.27,0.81,2179.48,0
934,20,Male,5708.61,780,3238.67,823.55,409.46,1391.35,336.2,278.11,16,0.14,0.22,0.91,4083.21,0
935,44,Female,7226.17,593,5270.63,1058.03,678.46,1938.27,741.9,853.97,87,0.43,0.11,0.9,5632.33,0
936,46,Male,5533.42,442,2561.65,595.61,387.15,1009.28,344.91,224.69,59,0.43,0.19,0.97,0.0,0
937,49,Female,4530.41,549,3520.23,950.13,635.99,1660.08,348.66,-74.63,74,0.31,0.29,0.92,0.0,0
938,67,Female,4998.94,601,1804.32,474.8,189.43,649.03,96.9,394.16,76,0.16,0.23,0.86,0.0,0
939,68,Male,3124.39,324,965.87,346.04,154.87,468.2,99.99,-103.24,53,0.11,0.22,0.9,0.0,0
940,36,Male,5906.77,369,4442.29,1493.11,802.62,1536.86,535.21,74.49,40,0.42,0.29,0.94,0.0,0
941,38,Male,6323.5,411,2114.1,549.48,244.58,951.14,177.41,191.49,52,0.34,0.25,0.82,0.0,0
942,22,Female,4321.86,663,3439.96,1002.92,349.16,1465.81,210.2,411.87,86,0.38,0.08,0.92,5927.79,0
943,35,Female,4294.94,602,3331.58,729.99,437.34,1498.94,259.39,405.92,57,0.22,0.14,0.98,0.0,0
944,45,Female,5398.82,770,1989.52,755.28,315.96,770.88,252.99,-105.59,91,0.3,0.29,0.86,4882.31,0
945,59,Male,4344.92,390,2471.36,956.63,281.31,1202.39,210.37,-179.34,90,0.4,0.17,0.93,5582.07,0
946,39,Male,4900.8,829,1923.37,761.58,274.3,820.31,252.34,-185.15,90,0.29,0.08,0.96,6443.9,0
947,38,Female,8149.58,491,4189.52,1565.67,650.35,1498.42,343.34,131.74,70,0.34,0.16,0.9,11632.17,1
948,23,Female,4629.46,541,1531.02,359.47,244.79,654.8,101.59,170.36,84,0.42,0.22,0.94,5568.29,1
949,18,Other,4462.49,437,1838.38,384.66,234.28,656.97,172.04,390.42,93,0.19,0.3,0.86,0.0,1
950,22,Male,4028.69,644,1940.36,613.0,271.66,696.06,184.78,174.87,19,0.13,0.13,0.86,0.0,0
951,58,Female,6116.29,479,3176.33,1215.01,564.86,1206.75,163.93,25.77,38,0.31,0.18,0.93,0.0,1
952,29,Male,4728.16,802,3729.33,878.15,723.94,1754.6,230.12,142.53,57,0.12,0.27,0.94,0.0,0
953,43,Male,4025.94,502,2833.99,570.79,527.66,1133.77,194.11,407.67,90,0.41,0.14,0.99,4244.53,0
954,63,Female,6981.96,491,4668.87,1685.92,730.34,2034.6,286.48,-68.48,71,0.39,0.08,0.84,8146.8,0
955,51,Female,7129.4,304,4053.21,872.9,571.62,1533.71,341.09,733.9,22,0.45,0.29,0.89,10196.05,0
956,66,Other,4099.36,536,2951.54,834.52,393.43,1041.07,432.29,250.23,53,0.36,0.17,0.85,0.0,0
957,31,Male,2200.19,610,1033.34,346.97,116.25,507.3,104.29,-41.46,56,0.13,0.18,0.82,1805.15,0
958,43,Male,6511.27,848,4261.3,1054.07,471.53,1792.8,480.49,462.41,73,0.2,0.21,0.88,0.0,0
959,62,Female,3973.06,355,3166.1,686.39,534.55,1541.22,271.14,132.79,62,0.42,0.05,0.87,5382.04,1
960,44,Female,6185.94,742,2828.92,1001.45,356.39,963.76,232.96,274.36,99,0.17,0.28,0.85,0.0,0
961,26,Male,2044.84,536,1302.58,424.69,163.43,429.04,68.14,217.28,86,0.38,0.14,0.86,0.0,0
962,43,Male,6338.9,496,4577.68,1820.53,914.71,2156.84,457.92,-772.33,85,0.41,0.15,0.87,0.0,1
963,64,Male,3183.24,813,2412.59,648.65,286.6,1052.33,237.3,187.7,53,0.23,0.09,1.0,3211.38,1
964,39,Female,6096.15,748,4017.16,853.05,461.19,1355.05,264.26,1083.6,37,0.23,0.14,0.96,0.0,0
965,64,Male,5021.41,659,2218.48,769.52,243.74,785.06,280.49,139.67,11,0.32,0.25,0.81,0.0,0
966,47,Male,3569.09,329,1652.99,503.08,261.14,760.6,164.09,-35.92,66,0.44,0.25,0.97,5233.19,0
967,60,Male,4389.45,407,1362.39,330.57,221.78,532.39,114.3,163.35,66,0.19,0.28,0.93,6469.17,0
968,65,Male,6029.48,744,4102.72,1461.99,560.11,1781.02,265.41,34.19,43,0.48,0.15,0.98,0.0,0
969,34,Male,5158.84,737,1657.9,399.14,254.56,602.93,174.44,226.84,96,0.34,0.23,0.87,7460.7,0
970,43,Female,5876.62,756,4303.6,1085.08,769.66,1619.21,539.16,290.49,67,0.5,0.18,0.89,0.0,0
971,53,Male,7964.66,794,2861.94,625.35,520.33,1425.66,223.8,66.8,61,0.14,0.25,0.98,0.0,0
972,18,Female,2653.64,546,1024.14,286.64,200.52,357.96,73.61,105.4,38,0.15,0.23,0.85,0.0,0
973,25,Male,7425.82,842,3997.05,1134.3,729.17,1603.98,408.47,121.12,44,0.43,0.14,0.98,0.0,0
974,66,Female,5156.53,738,3449.41,1044.87,539.78,1617.36,226.05,21.35,84,0.45,0.13,0.97,3208.67,0
975,52,Female,3651.82,577,1349.35,461.2,159.18,469.37,157.42,102.19,57,0.28,0.11,1.0,5018.69,0
976,69,Female,3004.53,410,1562.46,595.64,171.83,598.49,172.71,23.79,42,0.39,0.19,0.86,0.0,1
977,32,Female,4716.32,684,2553.54,581.05,269.27,1080.19,149.91,473.11,84,0.45,0.29,0.85,3856.68,0
978,64,Male,6382.48,490,2592.2,546.62,432.0,1027.13,139.08,447.38,82,0.12,0.1,0.87,9517.24,0
979,39,Male,4808.68,789,1720.44,350.47,310.98,674.24,192.74,192.02,87,0.33,0.07,0.99,0.0,0
980,31,Female,7266.73,725,5219.04,1193.72,787.39,1944.1,414.55,879.28,18,0.44,0.08,0.87,0.0,0
981,43,Other,2823.24,704,1556.26,516.04,164.14,649.47,91.27,135.34,57,0.26,0.25,0.91,4148.17,0
982,45,Female,4981.87,634,1530.38,528.74,234.99,650.22,192.74,-76.3,76,0.22,0.14,0.88,7393.79,0
983,40,Female,3121.41,508,2189.64,782.36,423.86,942.99,178.25,-137.81,92,0.42,0.11,0.88,2144.54,1
984,31,Female,5545.45,321,4383.1,1090.26,700.25,1376.62,420.6,795.37,45,0.23,0.14,0.84,7568.45,0
985,41,Male,6330.33,507,3816.96,996.91,690.65,1626.81,281.24,221.35,80,0.1,0.21,0.91,0.0,0
986,19,Male,4368.86,307,2410.97,715.16,434.01,1182.94,271.79,-192.93,53,0.48,0.19,0.97,3850.57,0
987,62,Female,1093.68,828,808.46,171.91,156.2,330.01,64.8,85.54,91,0.34,0.24,0.81,0.0,0
988,43,Female,5298.42,465,4112.94,1325.31,728.09,1822.25,603.79,-366.49,69,0.43,0.13,0.98,2886.11,0
989,31,Male,5655.11,795,3830.03,1519.55,669.37,1575.47,460.73,-395.1,72,0.43,0.16,0.93,4343.17,1
990,68,Female,5606.44,728,2930.64,797.61,361.67,1380.18,186.6,204.58,14,0.13,0.08,0.92,0.0,1
991,24,Male,6853.67,462,4085.55,1432.27,433.04,1985.24,374.52,-139.51,96,0.17,0.07,0.93,0.0,0
992,20,Female,3393.42,665,2207.31,662.21,334.98,743.52,195.44,271.16,95,0.22,0.17,0.86,3942.21,1
993,64,Male,6020.32,825,2390.89,539.3,268.84,926.16,247.28,409.31,99,0.23,0.13,0.88,0.0,0
994,40,Male,6788.76,538,3554.6,1124.84,697.48,1345.33,477.0,-90.06,85,0.36,0.2,0.96,8263.9,1
995,63,Female,2332.12,371,1667.26,433.44,215.06,635.3,180.63,202.82,49,0.35,0.06,0.86,1472.24,0
996,60,Male,5479.48,744,3437.62,711.18,636.97,1117.59,193.04,778.84,28,0.3,0.08,0.89,7893.63,1
997,64,Female,4243.73,808,2145.64,701.59,297.73,992.84,247.91,-94.44,56,0.18,0.27,0.8,0.0,0
998,62,Female,4877.72,568,3081.16,1145.53,407.7,946.39,156.6,424.94,74,0.25,0.19,0.95,4136.67,0
999,35,Female,5521.51,714,1982.84,533.29,383.71,804.33,253.8,7.71,76,0.32,0.23,0.88,3376.59,0
1000,55,Male,4269.16,544,2137.78,594.43,291.45,924.32,249.4,78.18,27,0.29,0.26,0.91,5140.73,0
